Rk,Player,Pos,Age,Tm,G,MP,PER,TS%,3PAr,FTr,ORB%,DRB%,TRB%,AST%,STL%,BLK%,TOV%,USG%,,OWS,DWS,WS,WS/48,,OBPM,DBPM,BPM,VORP
1,Shareef Abdur-Rahim\abdursh01,PF,29,SAC,72,1961,17.2,.588,.035,.440,6.4,14.8,10.6,13.2,1.3,1.6,12.5,20.1,,4.0,2.2,6.2,.152,,0.5,0.4,0.9,1.4
2,Alex Acker\ackeral01,SG,23,DET,5,35,-2.4,.281,.313,.000,3.4,13.7,8.5,17.9,1.6,0.0,20.0,27.2,,-0.2,0.0,-0.2,-0.230,,-11.0,-4.2,-15.3,-0.1
3,Malik Allen\allenma01,PF,27,CHI,54,701,11.5,.504,.004,.154,7.2,15.7,11.5,4.9,1.0,1.8,11.4,19.2,,0.0,1.0,1.0,.068,,-3.0,0.3,-2.7,-0.1
4,Ray Allen*\allenra02,SG,30,SEA,78,3022,22.2,.590,.435,.239,2.8,10.6,6.6,17.2,1.8,0.4,10.2,27.4,,9.8,-0.3,9.5,.150,,6.4,-2.0,4.4,4.9
5,Tony Allen\allento01,PG,24,BOS,51,978,12.9,.554,.124,.489,4.1,9.6,6.9,11.2,2.7,1.4,16.8,18.8,,0.6,1.0,1.7,.082,,-2.3,0.9,-1.4,0.1
6,Rafer Alston\alstora01,PG,29,HOU,63,2431,12.6,.475,.423,.194,1.8,10.4,6.1,30.8,2.3,0.5,16.4,18.8,,0.2,3.1,3.4,.067,,-1.0,0.6,-0.4,1.0
7,Chris Andersen\anderch01,C,27,NOK,32,570,14.1,.562,.000,1.051,12.4,20.2,16.2,1.7,0.8,5.9,15.4,13.9,,0.6,0.7,1.3,.112,,-2.0,0.9,-1.2,0.1
8,Alan Anderson\anderal01,SF,23,CHA,36,564,10.4,.520,.320,.227,4.4,10.3,7.2,9.3,1.0,0.6,13.9,18.2,,0.2,0.3,0.4,.037,,-1.7,-1.7,-3.3,-0.2
9,Derek Anderson\anderde01,SG,31,TOT,43,1047,10.8,.496,.442,.366,2.4,13.3,8.0,15.7,1.2,0.5,13.3,18.2,,0.5,1.1,1.6,.074,,-1.3,0.1,-1.2,0.2
9,Derek Anderson\anderde01,SG,31,HOU,20,582,12.5,.527,.387,.422,2.5,14.1,8.4,16.1,1.4,0.6,15.3,19.8,,0.3,0.7,1.0,.084,,-0.4,0.7,0.3,0.3
9,Derek Anderson\anderde01,SG,31,MIA,23,465,8.7,.453,.515,.292,2.4,12.4,7.6,15.1,0.9,0.3,10.4,16.3,,0.2,0.4,0.6,.061,,-2.4,-0.7,-3.1,-0.1
10,Shandon Anderson\andersh01,SF,32,MIA,48,638,6.2,.470,.151,.143,3.5,11.1,7.5,6.9,1.4,0.7,15.2,11.4,,-0.1,0.7,0.5,.039,,-4.1,0.4,-3.7,-0.3
11,Martynas Andriuškevičius\andrima01,C,19,CLE,6,9,15.5,.000,.000,.000,13.0,39.8,26.3,0.0,11.9,0.0,0.0,5.1,,0.0,0.0,0.0,.155,,-1.8,7.0,5.2,0.0
12,Carmelo Anthony\anthoca01,SF,21,DEN,80,2941,22.0,.563,.097,.451,4.9,10.7,7.8,14.3,1.5,1.1,10.4,32.0,,6.8,2.6,9.4,.153,,3.5,-0.9,2.7,3.5
13,Rafael Araújo\araujra01,C,25,TOR,52,601,4.5,.385,.007,.193,8.4,21.5,14.6,3.7,2.1,0.8,21.1,15.3,,-1.2,0.4,-0.8,-0.066,,-6.7,-1.0,-7.7,-0.9
14,Gilbert Arenas\arenagi01,PG,24,WAS,80,3384,23.8,.581,.324,.479,2.0,7.8,4.8,27.0,2.5,0.6,12.8,30.5,,11.0,2.6,13.6,.193,,5.4,0.0,5.4,6.3
15,Trevor Ariza\arizatr01,SF,20,TOT,57,999,11.8,.468,.022,.562,9.6,17.1,13.3,9.8,3.0,0.9,18.0,15.8,,-0.1,1.0,0.9,.043,,-1.8,1.1,-0.7,0.3
15,Trevor Ariza\arizatr01,SF,20,NYK,36,709,10.2,.459,.021,.527,8.3,15.3,11.7,10.4,3.2,1.0,20.4,14.4,,-0.4,0.6,0.3,.020,,-2.4,1.5,-0.9,0.2
15,Trevor Ariza\arizatr01,SF,20,ORL,21,290,15.8,.485,.025,.625,12.7,21.5,17.3,8.3,2.6,0.5,13.6,19.3,,0.2,0.4,0.6,.101,,-0.2,0.0,-0.3,0.1
16,Darrell Armstrong\armstda01,PG,37,DAL,62,622,7.3,.444,.375,.328,3.6,12.0,7.8,20.6,2.4,0.4,28.4,15.4,,-0.7,0.7,0.0,.003,,-4.2,0.2,-4.0,-0.3
17,Carlos Arroyo\arroyca01,PG-SG,26,TOT,77,1194,15.6,.512,.053,.362,3.3,9.8,6.6,31.6,1.7,0.2,15.9,20.7,,1.6,1.1,2.7,.107,,-0.1,-0.4,-0.5,0.5
17,Carlos Arroyo\arroyca01,PG,26,DET,50,600,12.5,.433,.038,.369,4.7,9.2,6.9,39.3,1.8,0.4,19.8,18.0,,0.3,0.7,1.0,.079,,-2.1,-0.1,-2.2,0.0
17,Carlos Arroyo\arroyca01,SG,26,ORL,27,594,18.8,.569,.063,.357,1.9,10.3,6.2,23.8,1.7,0.1,12.9,23.4,,1.3,0.4,1.7,.135,,1.9,-0.6,1.3,0.5
18,Chucky Atkins\atkinch01,PG-SG,31,TOT,71,1713,12.9,.526,.478,.284,1.6,6.8,4.2,20.0,1.4,0.1,11.9,20.2,,2.1,1.4,3.6,.100,,-0.1,-0.8,-0.9,0.4
18,Chucky Atkins\atkinch01,SG,31,WAS,28,552,10.4,.498,.529,.178,2.5,7.2,4.7,19.8,1.3,0.0,13.8,17.6,,0.4,0.2,0.6,.056,,-0.6,-1.0,-1.6,0.0
18,Chucky Atkins\atkinch01,PG,31,MEM,43,1161,14.1,.537,.456,.331,1.2,6.6,3.9,20.1,1.4,0.1,11.1,21.5,,1.7,1.2,2.9,.121,,0.1,-0.8,-0.6,0.4
19,Stacey Augmon\augmost01,SF,37,ORL,36,385,7.6,.412,.000,.411,5.9,10.9,8.5,9.0,1.7,1.2,11.3,12.0,,0.0,0.3,0.3,.033,,-2.7,0.6,-2.1,0.0
20,Vin Baker\bakervi01,C,34,LAC,8,85,11.2,.589,.000,1.200,2.9,22.2,13.0,7.0,2.5,3.5,28.2,17.4,,0.0,0.2,0.1,.072,,-4.9,2.5,-2.4,0.0
21,Marcus Banks\banksma01,PG,24,TOT,58,1497,13.6,.543,.135,.314,1.9,8.8,5.4,25.3,1.9,0.6,18.3,20.6,,0.9,1.4,2.3,.074,,-1.4,-0.2,-1.7,0.1
21,Marcus Banks\banksma01,PG,24,BOS,18,269,9.4,.531,.238,.375,1.9,6.6,4.3,19.2,1.4,0.0,19.8,19.9,,0.0,0.1,0.2,.033,,-3.8,-2.0,-5.9,-0.3
21,Marcus Banks\banksma01,PG,24,MIN,40,1228,14.5,.545,.113,.302,1.9,9.2,5.7,26.6,2.1,0.7,17.9,20.7,,0.8,1.3,2.1,.083,,-0.9,0.2,-0.7,0.4
22,Leandro Barbosa\barbole01,SG,23,PHO,57,1592,15.1,.589,.346,.259,2.2,8.1,5.2,14.4,1.5,0.3,12.3,20.3,,2.6,1.2,3.8,.115,,0.4,-0.5,-0.1,0.8
23,Matt Barnes\barnema02,PF-SF,25,TOT,56,631,10.7,.545,.107,.336,8.9,13.7,11.3,7.0,1.6,0.8,15.7,13.8,,0.5,0.4,1.0,.075,,-3.0,-0.1,-3.1,-0.2
23,Matt Barnes\barnema02,SF,25,NYK,6,93,9.8,.409,.133,.133,9.1,22.5,15.7,10.9,2.3,0.0,15.9,18.4,,-0.1,0.1,0.0,-0.012,,-2.3,1.1,-1.1,0.0
23,Matt Barnes\barnema02,PF,25,PHI,50,538,10.8,.578,.100,.391,8.9,12.2,10.5,6.3,1.5,1.0,15.7,13.0,,0.6,0.4,1.0,.090,,-3.1,-0.3,-3.4,-0.2
24,Andre Barrett\barrean01,PG,23,TOT,19,282,11.3,.398,.135,.115,3.7,7.1,5.4,29.5,1.9,0.0,12.1,20.3,,-0.1,0.0,-0.1,-0.019,,-1.7,-2.0,-3.6,-0.1
24,Andre Barrett\barrean01,PG,23,PHO,2,21,14.1,.541,.143,.429,5.4,10.3,7.9,13.3,0.0,0.0,10.7,19.9,,0.0,0.0,0.0,.109,,0.5,-2.4,-1.9,0.0
24,Andre Barrett\barrean01,PG,23,TOR,17,261,11.0,.386,.134,.093,3.6,6.8,5.2,30.9,2.0,0.0,12.2,20.4,,-0.2,0.0,-0.2,-0.029,,-1.9,-1.9,-3.8,-0.1
25,Earl Barron\barroea01,C,24,MIA,8,45,-2.8,.366,.000,.250,5.5,20.1,13.1,0.0,0.0,0.0,22.0,23.4,,-0.2,0.0,-0.2,-0.167,,-13.4,-4.3,-17.7,-0.2
26,Brent Barry\barrybr01,SG,34,SAS,74,1259,14.8,.581,.586,.171,2.8,11.9,7.5,15.5,1.7,1.5,12.3,16.0,,2.1,2.2,4.3,.162,,1.4,2.0,3.4,1.7
27,Jon Barry\barryjo01,SG,36,HOU,20,342,8.5,.553,.492,.446,0.3,10.1,5.3,12.5,2.1,0.2,22.1,13.9,,0.0,0.4,0.4,.055,,-3.0,1.5,-1.5,0.0
28,Eddie Basden\basdeed01,SF,22,CHI,19,141,10.3,.471,.189,.270,5.7,17.0,11.4,8.8,3.3,1.1,17.9,16.1,,-0.1,0.3,0.2,.065,,-3.9,3.2,-0.6,0.0
29,Brandon Bass\bassbr01,PF,20,NOK,29,268,9.1,.434,.000,.271,7.8,22.8,15.1,1.8,0.6,2.2,12.3,15.6,,-0.2,0.3,0.1,.013,,-3.6,-1.4,-5.0,-0.2
30,Esteban Batista\batises01,PF,22,ATL,57,495,7.1,.489,.013,.663,14.4,20.7,17.5,2.1,1.6,1.7,26.9,13.0,,-0.2,0.3,0.1,.011,,-6.2,-1.7,-7.9,-0.7
31,Tony Battie\battito01,C,29,ORL,82,2215,12.2,.531,.011,.243,8.3,16.9,12.7,3.7,1.1,2.5,12.6,14.9,,1.7,2.2,3.8,.083,,-1.7,0.0,-1.8,0.1
32,Shane Battier\battish01,SF,27,MEM,81,2839,14.7,.574,.266,.335,7.1,11.2,9.2,8.2,1.8,3.2,11.2,13.7,,4.6,4.5,9.1,.153,,0.8,1.8,2.6,3.3
33,Lonny Baxter\baxtelo01,C-PF,27,TOT,41,400,11.9,.494,.000,.337,13.2,21.3,17.1,1.7,1.5,1.6,14.3,16.2,,0.1,0.6,0.7,.088,,-3.7,-0.8,-4.5,-0.2
33,Lonny Baxter\baxtelo01,C,27,HOU,23,281,13.1,.510,.000,.264,16.1,18.9,17.5,1.3,1.7,2.0,13.9,15.8,,0.2,0.5,0.7,.119,,-3.6,-0.6,-4.2,-0.1
33,Lonny Baxter\baxtelo01,PF,27,CHA,18,119,9.2,.461,.000,.500,6.4,27.1,16.1,2.6,0.9,0.7,15.2,17.2,,-0.1,0.1,0.0,.014,,-3.8,-1.3,-5.2,-0.1
34,Charlie Bell\bellch01,SG,26,MIL,59,1283,14.7,.550,.410,.217,1.9,9.3,5.6,16.6,2.4,0.3,8.4,17.5,,2.2,1.1,3.3,.123,,0.1,0.8,1.0,0.9
35,Raja Bell\bellra01,SG,29,PHO,79,2959,12.9,.584,.480,.157,1.7,7.7,4.7,9.8,1.3,0.5,8.2,16.4,,4.7,2.1,6.8,.110,,0.2,0.1,0.2,1.6
36,Jonathan Bender\bendejo01,SF,25,IND,2,21,26.4,.850,.000,.400,0.0,21.3,11.0,18.5,0.0,3.5,0.0,13.0,,0.1,0.0,0.2,.359,,5.9,3.9,9.8,0.1
37,Mike Bibby\bibbymi01,PG,27,SAC,82,3167,17.9,.554,.360,.292,1.1,7.7,4.4,25.2,1.4,0.2,11.3,25.4,,6.0,2.4,8.4,.127,,2.7,-1.2,1.5,2.8
38,Andris Biedriņš\biedran01,C,19,GSW,68,1000,13.6,.595,.000,.389,13.5,18.2,15.8,3.9,1.2,3.5,13.6,11.2,,1.6,1.3,2.9,.137,,-2.3,0.6,-1.6,0.1
39,Chauncey Billups\billuch01,PG,29,DET,81,2925,23.4,.602,.420,.514,1.6,8.7,5.1,39.3,1.3,0.2,12.0,22.9,,12.7,2.8,15.5,.254,,6.2,0.1,6.2,6.1
40,Steve Blake\blakest01,PG,25,POR,68,1781,14.5,.549,.391,.194,1.7,8.2,4.9,29.0,1.3,0.2,14.0,15.8,,3.0,-0.2,2.8,.076,,1.0,-2.0,-1.0,0.4
41,Andray Blatche\blatcan01,PF,19,WAS,29,175,10.1,.450,.194,.179,7.7,17.8,12.6,9.5,1.5,3.1,14.2,21.5,,-0.1,0.2,0.1,.026,,-4.9,-0.1,-5.0,-0.1
42,Mark Blount\blounma01,C,30,TOT,81,2240,12.1,.549,.000,.302,5.3,14.2,9.8,7.8,1.0,2.6,18.9,21.4,,-0.5,2.3,1.7,.037,,-2.9,-0.6,-3.4,-0.8
42,Mark Blount\blounma01,C,30,BOS,39,1083,12.0,.556,.000,.334,4.2,13.8,9.1,10.8,0.7,2.5,21.6,23.6,,-0.6,0.9,0.2,.010,,-2.7,-1.1,-3.7,-0.5
42,Mark Blount\blounma01,C,30,MIN,42,1157,12.1,.542,.000,.268,6.4,14.5,10.5,5.0,1.2,2.6,15.8,19.3,,0.1,1.4,1.5,.063,,-3.0,-0.1,-3.1,-0.3
43,Keith Bogans\boganke01,SG-SF,25,TOT,72,1912,10.7,.497,.368,.342,3.3,12.4,7.8,11.2,2.0,0.4,12.6,17.2,,0.3,2.0,2.3,.058,,-1.8,0.5,-1.4,0.3
43,Keith Bogans\boganke01,SG,25,CHA,39,848,12.4,.510,.340,.365,3.7,11.3,7.2,8.7,2.4,0.3,10.9,19.6,,0.4,0.7,1.2,.066,,-1.1,0.0,-1.0,0.2
43,Keith Bogans\boganke01,SF,25,HOU,33,1064,9.3,.482,.398,.316,2.9,13.3,8.2,13.3,1.6,0.5,14.4,15.3,,-0.1,1.3,1.2,.053,,-2.5,0.9,-1.6,0.1
44,Andrew Bogut\bogutan01,PF,21,MIL,82,2348,15.2,.555,.005,.320,9.4,19.8,14.5,13.4,1.1,2.3,15.3,15.9,,3.1,2.4,5.5,.113,,-0.3,0.7,0.4,1.4
45,Matt Bonner\bonnema01,PF,25,TOR,78,1710,13.7,.582,.520,.163,5.9,14.8,10.2,5.2,1.5,1.4,6.0,14.4,,3.5,0.5,4.1,.114,,1.3,-0.6,0.7,1.2
46,Calvin Booth\boothca01,C,29,WAS,33,250,8.9,.451,.043,.191,8.6,15.8,12.1,7.2,1.9,2.8,13.6,10.5,,0.1,0.3,0.4,.070,,-3.7,1.3,-2.3,0.0
47,Carlos Boozer\boozeca01,PF,24,UTA,33,1025,21.4,.585,.000,.343,8.6,25.3,16.9,18.0,1.6,0.6,13.1,23.9,,2.2,1.3,3.5,.162,,2.4,-0.3,2.1,1.1
48,Chris Bosh*\boshch01,C,21,TOR,70,2751,23.2,.585,.012,.534,8.7,20.6,14.4,11.8,1.0,2.3,10.5,25.2,,8.7,1.1,9.8,.170,,3.9,-1.0,2.9,3.4
49,Bruce Bowen\bowenbr01,SF,34,SAS,82,2755,9.1,.540,.457,.157,1.5,11.9,6.9,6.8,1.6,0.8,10.5,11.1,,1.7,4.5,6.2,.108,,-1.8,2.0,0.3,1.6
50,Ryan Bowen\bowenry01,SF,30,HOU,68,652,4.0,.338,.177,.113,5.7,10.1,7.9,5.9,1.8,0.8,9.1,10.5,,-0.6,0.8,0.2,.012,,-5.8,0.7,-5.1,-0.5
51,Earl Boykins\boykiea01,PG,29,DEN,60,1542,15.7,.513,.271,.263,1.6,4.5,3.1,25.0,1.6,0.2,10.1,23.8,,2.0,0.9,2.9,.090,,1.3,-1.3,0.0,0.7
52,Michael Bradley\bradlmi01,PF,26,PHI,46,367,8.4,.417,.063,.038,12.7,21.4,17.1,6.9,0.7,1.4,19.1,12.3,,-0.2,0.3,0.1,.019,,-3.2,-1.4,-4.6,-0.2
53,Elton Brand\brandel01,PF,26,LAC,79,3099,26.5,.580,.002,.396,9.3,19.9,14.8,13.1,1.4,4.9,9.3,27.7,,9.3,5.5,14.8,.229,,5.1,1.6,6.7,6.8
54,Primož Brezec\brezepr01,C,26,CHA,79,2165,15.3,.552,.003,.283,9.1,14.8,11.8,3.7,0.5,1.1,8.7,20.0,,3.4,1.2,4.6,.102,,-0.4,-2.0,-2.4,-0.2
55,Devin Brown\brownde02,SG,27,UTA,81,1711,10.3,.493,.224,.402,5.1,9.6,7.3,10.7,1.4,0.7,13.8,19.5,,0.4,1.1,1.4,.041,,-2.1,-1.3,-3.3,-0.6
56,Kwame Brown\brownkw01,C,23,LAL,72,1978,11.7,.545,.003,.606,10.8,17.3,14.1,5.6,0.7,1.8,16.9,13.6,,1.7,1.9,3.6,.088,,-1.7,-0.8,-2.5,-0.3
57,P.J. Brown\brownpj01,C,36,NOK,75,2380,12.7,.515,.000,.288,8.9,18.8,13.7,6.3,1.0,1.7,12.0,14.7,,2.1,2.3,4.4,.088,,-1.3,-0.2,-1.5,0.3
58,Rick Brunson\brunsri01,PG,33,TOT,27,246,6.3,.455,.241,.222,0.5,9.9,5.3,23.4,1.8,0.3,27.1,15.6,,-0.4,0.2,-0.1,-0.025,,-4.9,-0.2,-5.2,-0.2
58,Rick Brunson\brunsri01,PG,33,SEA,4,31,7.8,.625,.125,.000,0.0,7.9,3.9,10.5,0.0,0.0,27.3,15.9,,0.0,0.0,0.0,-0.058,,-3.7,-3.6,-7.2,0.0
58,Rick Brunson\brunsri01,PG,33,HOU,23,215,6.1,.429,.261,.261,0.6,10.2,5.5,25.2,2.0,0.4,27.0,15.6,,-0.4,0.3,-0.1,-0.020,,-5.1,0.2,-4.9,-0.2
59,Kobe Bryant*\bryanko01,SG,27,LAL,80,3277,28.0,.559,.238,.377,2.6,12.7,7.6,24.1,2.4,0.7,9.0,38.7,,11.6,3.7,15.3,.224,,7.4,0.2,7.6,8.0
60,Greg Buckner\buckngr01,SG,29,DEN,73,1758,11.4,.556,.583,.132,2.1,11.7,6.9,10.8,2.5,0.9,10.5,12.6,,1.7,2.0,3.8,.103,,-1.2,1.7,0.5,1.1
61,Pat Burke\burkepa01,C,32,PHO,42,346,9.9,.517,.055,.165,6.9,16.3,11.7,6.8,0.9,2.6,19.5,21.9,,-0.3,0.4,0.1,.009,,-6.1,-0.1,-6.2,-0.4
62,Antonio Burks\burksan01,PG,25,MEM,57,570,5.1,.367,.042,.160,0.9,7.0,3.9,22.1,2.0,0.0,18.9,16.2,,-1.1,0.7,-0.4,-0.033,,-6.4,-0.4,-6.8,-0.7
63,Kevin Burleson\burleke01,PG,26,CHA,39,340,5.1,.367,.614,.193,1.3,8.0,4.4,20.8,3.9,0.5,20.8,15.7,,-0.6,0.4,-0.2,-0.032,,-7.8,1.6,-6.2,-0.4
64,Caron Butler\butleca01,SF,25,WAS,75,2708,17.0,.535,.110,.306,4.8,15.6,10.0,12.1,2.4,0.5,12.4,23.2,,3.5,2.8,6.3,.112,,0.4,0.1,0.6,1.7
65,Jackie Butler\butleja01,C,20,NYK,55,740,14.8,.587,.000,.358,10.9,19.3,15.0,6.1,1.2,3.4,19.9,19.0,,0.7,0.6,1.2,.078,,-2.0,-0.8,-2.8,-0.2
66,Rasual Butler\butlera01,SF,26,NOK,79,1875,10.8,.501,.382,.180,3.2,11.8,7.4,3.7,0.9,2.0,8.7,18.6,,0.4,1.3,1.7,.045,,-0.9,-1.1,-2.0,0.0
67,Andrew Bynum\bynuman01,C,18,LAL,46,338,7.4,.394,.000,.329,11.9,16.0,13.9,4.1,0.6,5.0,15.3,15.0,,-0.4,0.4,0.1,.007,,-6.1,-0.8,-6.9,-0.4
68,Will Bynum\bynumwi01,PG,23,GSW,15,162,8.7,.457,.173,.308,2.0,6.3,4.1,19.2,2.2,0.0,19.2,20.1,,-0.2,0.1,-0.1,-0.021,,-4.5,-0.5,-5.0,-0.1
69,Žarko Čabarkapa\cabarza01,PF,24,GSW,61,505,9.9,.472,.115,.483,8.0,16.7,12.3,6.5,1.3,1.0,14.2,21.7,,-0.2,0.5,0.3,.031,,-4.7,-0.6,-5.3,-0.4
70,José Calderón\caldejo01,SG,24,TOR,64,1487,11.4,.495,.138,.295,2.4,9.5,5.8,29.1,1.5,0.2,22.3,14.1,,0.9,0.0,0.9,.029,,-1.0,-1.8,-2.8,-0.3
71,Marcus Camby\cambyma01,C,31,DEN,56,1857,19.9,.499,.017,.240,8.4,33.3,21.0,10.2,2.2,7.5,11.4,19.5,,1.0,4.5,5.5,.141,,0.1,3.3,3.5,2.6
72,Brian Cardinal\cardibr01,PF,28,MEM,36,402,10.0,.505,.261,.243,3.4,13.1,8.3,14.2,3.2,0.0,18.0,18.1,,-0.1,0.7,0.6,.074,,-4.6,1.7,-2.9,-0.1
73,Matt Carroll\carroma01,SG,25,CHA,78,1275,13.9,.540,.389,.353,2.9,12.0,7.1,4.6,1.9,0.7,8.0,20.8,,1.6,1.0,2.6,.097,,0.0,-0.6,-0.6,0.5
74,Anthony Carter\cartean01,PG,30,MIN,45,589,10.6,.465,.109,.401,1.9,10.5,6.3,26.9,2.2,1.2,19.9,16.2,,-0.1,0.7,0.6,.047,,-3.5,1.2,-2.2,0.0
75,Vince Carter\cartevi01,SG,29,NJN,79,2906,21.6,.536,.242,.396,5.4,13.4,9.3,24.4,1.7,1.5,10.7,32.3,,4.9,4.4,9.3,.153,,4.5,0.5,5.1,5.2
76,Sam Cassell\cassesa01,PG,36,LAC,78,2653,18.5,.534,.171,.301,1.8,10.4,6.3,32.5,1.5,0.3,12.2,25.0,,4.8,2.8,7.6,.137,,2.1,-0.5,1.6,2.4
77,Kelvin Cato\catoke01,C,31,TOT,27,333,9.3,.493,.000,.417,7.6,18.0,12.9,1.9,1.0,2.8,15.3,16.7,,0.0,0.4,0.3,.045,,-4.9,-0.3,-5.2,-0.3
77,Kelvin Cato\catoke01,C,31,ORL,23,299,9.4,.503,.000,.486,8.1,17.7,13.0,1.1,1.1,2.6,15.5,16.4,,0.0,0.3,0.3,.052,,-4.7,-0.2,-4.9,-0.2
77,Kelvin Cato\catoke01,C,31,DET,4,34,7.7,.417,.000,.000,3.5,21.2,12.2,9.7,0.0,4.3,14.3,19.6,,-0.1,0.1,0.0,-0.013,,-6.6,-0.8,-7.5,0.0
78,Tyson Chandler\chandty01,C,23,CHI,79,2121,12.2,.567,.004,.682,14.4,24.2,19.3,5.6,1.0,3.8,25.1,10.4,,1.5,3.9,5.4,.123,,-2.2,1.8,-0.4,0.9
79,Calbert Cheaney\cheanca01,SF,34,GSW,42,448,6.0,.412,.074,.074,4.9,10.5,7.6,6.6,1.5,0.3,13.2,12.8,,-0.3,0.3,0.0,.000,,-4.7,-0.1,-4.8,-0.3
80,Josh Childress\childjo01,SF,22,ATL,74,2249,15.8,.626,.129,.399,7.0,13.9,10.3,9.4,2.0,1.3,14.6,14.0,,4.6,1.1,5.7,.121,,1.3,-0.1,1.2,1.8
81,Doug Christie\chrisdo01,SG,35,DAL,7,185,6.8,.416,.038,.462,1.3,7.0,4.2,10.9,2.7,0.4,16.1,9.4,,-0.1,0.2,0.1,.035,,-2.7,1.6,-1.0,0.0
82,Speedy Claxton\claxtsp01,PG,27,NOK,71,2019,16.1,.497,.086,.435,2.2,9.3,5.7,29.8,2.9,0.2,14.9,23.8,,1.1,2.0,3.0,.072,,-0.1,0.3,0.1,1.1
83,Mateen Cleaves\cleavma01,PG,28,SEA,27,230,9.1,.448,.225,.338,1.0,6.4,3.7,27.4,0.7,0.7,14.7,18.6,,0.1,-0.1,0.0,-0.005,,-2.0,-3.0,-5.0,-0.2
84,Jarron Collins\collija03,C,27,UTA,79,1730,11.0,.551,.000,.782,9.3,14.1,11.7,9.1,1.1,1.3,13.9,11.7,,2.5,1.4,3.9,.107,,-2.2,0.0,-2.1,-0.1
85,Jason Collins\collija04,C,27,NJN,71,1895,5.5,.425,.046,.328,5.7,15.6,10.6,5.7,1.3,1.7,16.9,9.0,,-0.9,2.9,2.0,.051,,-5.3,1.5,-3.8,-0.9
86,Nick Collison\collini01,PF,25,SEA,66,1448,14.0,.556,.008,.287,11.8,19.0,15.4,8.1,0.8,1.9,14.8,16.1,,2.2,0.1,2.3,.075,,-1.1,-2.1,-3.2,-0.4
87,Brian Cook\cookbr01,PF,25,LAL,81,1535,15.6,.578,.164,.198,6.8,14.2,10.5,8.3,1.3,1.6,9.9,18.3,,3.0,1.5,4.5,.142,,0.2,-0.3,-0.1,0.7
88,Jamal Crawford\crawfja01,SG,25,NYK,79,2555,15.5,.544,.333,.406,1.7,10.2,5.9,20.9,1.8,0.5,14.4,21.5,,3.7,0.8,4.5,.084,,1.6,-1.1,0.5,1.6
89,Austin Croshere\croshau01,PF,30,IND,50,1148,15.2,.618,.491,.358,6.4,19.8,13.3,9.1,1.0,0.4,12.7,15.3,,2.5,1.7,4.1,.173,,1.5,0.6,2.1,1.2
90,Eddy Curry\curryed01,C,23,NYK,72,1865,17.0,.604,.000,.814,9.4,18.9,14.1,1.9,0.8,2.5,18.1,24.1,,2.3,1.0,3.3,.084,,-0.5,-1.6,-2.1,0.0
91,Samuel Dalembert\dalemsa01,C,24,PHI,66,1761,14.2,.568,.003,.358,10.6,25.4,18.0,2.2,1.0,6.9,20.0,13.8,,0.9,2.6,3.6,.097,,-2.9,1.2,-1.8,0.1
92,Erick Dampier\dampier01,C,30,DAL,82,1934,13.9,.531,.000,.620,17.3,22.4,19.9,4.0,0.8,4.2,20.7,13.4,,1.9,2.9,4.8,.119,,-1.5,-0.1,-1.7,0.2
93,Antonio Daniels\daniean01,SG,30,WAS,80,2283,13.7,.550,.184,.611,0.9,8.0,4.4,19.2,1.2,0.3,11.3,15.4,,4.3,0.9,5.3,.111,,0.1,-0.8,-0.7,0.8
94,Marquis Daniels\daniema01,SG,25,DAL,62,1766,14.9,.535,.037,.357,5.6,9.6,7.6,16.2,2.1,0.6,14.4,18.3,,2.4,1.7,4.2,.114,,0.1,0.4,0.5,1.1
95,Antonio Davis\davisan01,PF-C,37,TOT,44,940,8.3,.479,.005,.426,11.5,15.5,13.5,3.5,1.3,0.9,18.4,13.4,,0.0,0.4,0.3,.017,,-3.2,-1.0,-4.3,-0.5
95,Antonio Davis\davisan01,PF,37,NYK,36,749,8.9,.487,.006,.384,12.0,15.9,14.0,3.0,1.4,1.0,18.8,13.8,,0.0,0.3,0.4,.024,,-3.1,-0.9,-4.1,-0.4
95,Antonio Davis\davisan01,C,37,TOR,8,191,5.9,.440,.000,.645,9.2,14.0,11.5,5.4,0.8,0.4,16.7,11.6,,-0.1,0.0,0.0,-0.011,,-3.5,-1.5,-5.1,-0.1
96,Baron Davis\davisba01,PG,26,GSW,54,1971,18.3,.489,.376,.336,2.5,11.1,6.7,42.6,2.3,0.5,13.9,25.9,,2.4,2.0,4.4,.106,,2.8,-0.2,2.6,2.3
97,Dale Davis\davisda01,C,36,DET,28,178,9.9,.425,.042,.625,13.9,21.6,17.7,4.8,0.0,3.7,11.6,9.2,,0.1,0.3,0.4,.108,,-3.3,-0.2,-3.5,-0.1
98,Josh Davis\davisjo02,PF,25,TOT,6,17,13.6,.361,.286,.429,20.4,7.1,13.7,8.8,6.0,0.0,10.7,24.8,,0.0,0.0,0.0,.018,,-2.0,0.2,-1.7,0.0
98,Josh Davis\davisjo02,PF,25,MIL,4,12,5.2,.250,.250,.000,19.4,10.1,14.9,12.5,4.4,0.0,20.0,19.0,,0.0,0.0,0.0,-0.089,,-6.3,-0.3,-6.6,0.0
98,Josh Davis\davisjo02,PF,25,HOU,1,0,,,,,,,,,,,,,,0.0,0.0,0.0,,,-1000.0,0.0,-1000.0,0.0
98,Josh Davis\davisjo02,PF,25,PHO,1,5,33.7,.463,.333,1.000,22.7,0.0,11.1,0.0,10.0,0.0,0.0,38.7,,0.0,0.0,0.0,.275,,8.5,1.4,10.0,0.0
99,Ricky Davis\davisri01,SG-SF,26,TOT,78,3207,15.6,.521,.186,.265,2.5,10.5,6.6,22.2,1.5,0.4,12.8,24.3,,2.5,2.5,5.0,.075,,0.6,-1.0,-0.4,1.3
99,Ricky Davis\davisri01,SG,26,BOS,42,1747,16.0,.529,.176,.231,2.9,10.0,6.5,22.8,1.5,0.4,12.8,23.6,,1.8,1.1,2.9,.080,,1.0,-1.2,-0.2,0.7
99,Ricky Davis\davisri01,SF,26,MIN,36,1460,15.2,.511,.197,.304,2.1,11.1,6.7,21.4,1.6,0.4,12.7,25.1,,0.7,1.4,2.1,.069,,0.2,-0.7,-0.5,0.6
100,Carlos Delfino\delfica01,SG,23,DET,68,726,10.6,.483,.265,.296,4.5,14.1,9.3,9.7,1.6,1.5,12.4,19.1,,0.0,1.0,1.0,.067,,-3.3,0.4,-2.9,-0.2
101,Tony Delk\delkto01,PG-SG,32,TOT,24,385,16.1,.526,.292,.168,4.3,12.2,8.2,15.2,1.9,0.2,9.9,23.7,,0.4,0.5,0.9,.112,,0.4,-0.5,-0.1,0.2
101,Tony Delk\delkto01,SG,32,ATL,1,7,16.1,.532,.000,2.000,16.7,17.7,17.2,0.0,0.0,0.0,0.0,12.2,,0.0,0.0,0.0,.171,,1.1,-3.3,-2.2,0.0
101,Tony Delk\delkto01,PG,32,DET,23,378,16.1,.526,.294,.156,4.0,12.1,8.0,15.5,1.9,0.2,10.0,23.9,,0.4,0.5,0.9,.111,,0.4,-0.5,-0.1,0.2
102,Luol Deng\denglu01,SF,20,CHI,78,2604,15.8,.517,.082,.289,5.6,17.1,11.4,9.7,1.4,1.5,8.9,20.4,,2.7,3.8,6.5,.120,,0.8,0.9,1.6,2.4
103,Boris Diaw\diawbo01,PF,23,PHO,81,2874,17.3,.564,.035,.279,6.3,15.1,10.8,24.9,1.0,2.1,16.5,17.9,,5.9,3.0,8.9,.149,,1.4,1.4,2.8,3.5
104,Dan Dickau\dickada01,PG,27,BOS,19,234,10.4,.575,.435,.391,2.7,5.6,4.2,25.5,2.4,0.3,25.0,14.1,,0.3,0.2,0.4,.090,,-2.6,0.2,-2.4,0.0
105,Travis Diener\dienetr01,PG,23,ORL,23,246,12.6,.614,.826,.087,2.1,8.3,5.3,10.6,1.5,0.0,12.2,15.7,,0.5,0.1,0.6,.115,,1.3,-0.4,0.9,0.2
106,Ike Diogu\dioguik01,PF,22,GSW,69,1031,15.8,.596,.000,.503,10.0,14.9,12.4,4.9,0.7,2.2,16.1,21.0,,1.7,1.0,2.6,.123,,-1.6,-0.6,-2.2,0.0
107,DeSagana Diop\diopde01,C,24,DAL,81,1510,11.5,.512,.013,.468,11.8,17.9,14.9,2.2,1.6,7.4,16.2,6.9,,1.3,2.7,4.1,.130,,-2.3,2.8,0.5,1.0
108,Juan Dixon\dixonju01,SG,27,POR,76,1920,14.6,.516,.207,.236,1.9,9.3,5.5,14.9,1.7,0.2,11.1,25.2,,1.1,0.1,1.2,.030,,-0.2,-1.7,-1.9,0.0
109,Michael Doleac\doleami01,C,28,MIA,31,371,9.9,.484,.000,.341,7.6,18.9,13.5,3.2,1.4,1.4,12.2,14.3,,0.1,0.5,0.6,.079,,-3.6,-0.4,-3.9,-0.2
110,Keyon Dooling\doolike01,PG,25,ORL,50,1137,12.6,.513,.106,.299,1.2,7.1,4.2,16.7,2.3,0.3,15.2,22.5,,0.3,0.8,1.1,.046,,-2.4,-0.3,-2.7,-0.2
111,Chris Duhon\duhonch01,PG,23,CHI,74,2155,12.9,.538,.517,.266,1.5,10.2,5.9,26.4,1.7,0.1,16.3,15.0,,2.7,2.5,5.2,.116,,0.0,0.8,0.8,1.5
112,Tim Duncan*\duncati01,PF,29,SAS,80,2784,23.1,.523,.004,.450,10.1,26.9,18.7,16.5,1.4,4.2,12.2,27.7,,3.9,6.9,10.8,.187,,2.3,2.6,5.0,4.9
113,Mike Dunleavy\dunlemi02,SF,25,GSW,81,2578,12.5,.503,.319,.309,3.3,14.2,8.6,15.0,1.2,0.9,11.5,18.1,,1.9,2.3,4.2,.077,,-0.7,0.0,-0.7,0.9
114,Ronald Dupree\duprero01,SF,25,MIN,36,265,10.4,.494,.016,.651,9.8,12.4,11.1,8.8,2.4,0.0,14.7,17.0,,0.0,0.3,0.3,.056,,-4.1,0.2,-3.8,-0.1
115,John Edwards\edwarjo01,C,24,ATL,40,296,6.4,.508,.000,.172,7.1,12.5,9.7,2.7,0.5,3.9,14.8,12.4,,0.1,0.1,0.2,.026,,-6.2,-0.2,-6.4,-0.3
116,Howard Eisley\eisleho01,PG,33,TOT,32,394,9.2,.445,.408,.233,0.9,8.7,4.9,25.6,1.4,0.4,15.6,15.4,,0.0,0.3,0.3,.037,,-2.6,-0.2,-2.7,-0.1
116,Howard Eisley\eisleho01,PG,33,LAC,13,112,7.2,.265,.235,.000,1.1,12.9,7.3,31.0,1.4,0.0,15.0,8.3,,0.0,0.1,0.1,.040,,-3.8,1.5,-2.3,0.0
116,Howard Eisley\eisleho01,PG,33,DEN,19,282,10.0,.476,.442,.279,0.8,7.0,3.9,23.4,1.4,0.5,15.7,18.2,,0.0,0.2,0.2,.036,,-2.1,-0.8,-2.9,-0.1
117,Monta Ellis\ellismo01,SG,20,GSW,49,886,11.1,.486,.258,.186,2.7,10.7,6.6,14.9,1.9,0.9,14.4,20.2,,-0.3,0.8,0.5,.028,,-1.9,0.2,-1.7,0.1
118,Francisco Elson\elsonfr01,C,29,DEN,72,1579,10.1,.556,.018,.261,7.4,17.6,12.5,4.4,1.7,2.1,17.0,10.8,,0.8,2.0,2.9,.087,,-3.2,1.0,-2.2,-0.1
119,Melvin Ely\elyme01,PF,27,CHA,57,1348,14.3,.550,.005,.452,7.6,16.8,11.9,9.7,1.1,2.5,16.4,20.1,,0.8,1.2,2.0,.072,,-1.7,-0.2,-1.8,0.1
120,Maurice Evans\evansma01,SG,27,DET,80,1139,14.0,.545,.340,.191,7.8,9.2,8.5,8.5,2.0,1.0,9.5,17.0,,1.8,1.4,3.2,.135,,-0.4,0.5,0.2,0.6
121,Reggie Evans\evansre01,PF,25,TOT,67,1393,12.5,.519,.004,.810,14.6,28.3,21.4,4.0,1.5,0.5,19.0,14.4,,0.8,1.3,2.1,.072,,-1.8,-1.9,-3.7,-0.6
121,Reggie Evans\evansre01,PF,25,SEA,41,788,15.0,.536,.006,.694,17.2,25.2,21.2,4.4,1.6,0.5,15.4,15.2,,1.2,0.3,1.5,.090,,0.1,-3.0,-2.9,-0.2
121,Reggie Evans\evansre01,PF,25,DEN,26,605,9.2,.490,.000,1.021,11.1,32.3,21.8,3.5,1.4,0.6,24.2,13.4,,-0.4,1.0,0.6,.048,,-4.3,-0.5,-4.9,-0.4
122,Daniel Ewing\ewingda01,SG,22,LAC,66,971,7.6,.458,.306,.180,2.9,7.1,5.1,13.2,2.0,0.5,17.2,15.8,,-0.7,1.0,0.3,.017,,-3.8,0.6,-3.2,-0.3
123,Noel Felix\felixno01,SF,24,SEA,12,82,-1.1,.316,.120,.320,4.4,14.9,9.6,3.5,1.3,2.8,21.9,20.0,,-0.3,0.0,-0.3,-0.197,,-10.0,-2.5,-12.5,-0.2
124,Raymond Felton\feltora01,PG,21,CHA,80,2406,14.2,.483,.307,.251,3.5,9.7,6.4,30.9,2.2,0.3,15.7,21.4,,0.8,1.8,2.6,.051,,0.2,-0.8,-0.6,0.8
125,Michael Finley\finlemi01,SG,32,SAS,77,2038,12.7,.523,.401,.165,1.8,12.2,7.2,9.3,1.0,0.2,7.7,18.9,,2.0,2.9,5.0,.117,,0.1,0.2,0.2,1.1
126,Derek Fisher\fishede01,PG,31,GSW,82,2589,14.8,.536,.333,.330,1.5,7.7,4.5,22.6,2.5,0.2,13.3,20.2,,3.4,2.4,5.8,.107,,-0.2,0.6,0.4,1.6
127,Gerald Fitch\fitchge01,PG,23,MIA,18,239,10.2,.424,.292,.258,3.6,10.9,7.4,21.5,1.5,1.6,13.1,22.0,,-0.1,0.3,0.1,.026,,-3.2,-0.3,-3.5,-0.1
128,Marcus Fizer\fizerma01,PF,27,NOK,3,39,14.1,.559,.059,.118,3.0,18.8,10.7,5.3,0.0,0.0,10.1,23.8,,0.0,0.0,0.0,.056,,-1.4,-2.3,-3.7,0.0
129,Sharrod Ford\fordsh02,PF,24,PHO,3,13,0.6,.667,.000,.000,8.7,16.7,12.8,0.0,0.0,5.4,40.0,17.2,,0.0,0.0,0.0,-0.032,,-16.2,1.2,-14.9,0.0
130,T.J. Ford\fordtj01,PG,22,MIL,72,2557,13.1,.489,.132,.314,2.9,11.7,7.2,29.8,2.1,0.2,19.6,20.0,,0.4,2.1,2.5,.047,,-1.1,-0.1,-1.2,0.5
131,Danny Fortson\fortsda01,C,29,SEA,23,276,8.5,.622,.000,.843,13.4,20.9,17.1,1.1,0.8,0.6,27.1,15.6,,0.2,0.0,0.2,.038,,-6.2,-2.9,-9.1,-0.5
132,Jeff Foster\fosteje01,C,29,IND,63,1581,15.1,.581,.016,.636,16.9,24.8,20.9,5.1,1.4,1.2,16.7,11.3,,2.8,2.9,5.7,.174,,-0.3,0.4,0.0,0.8
133,Adonal Foyle\foylead01,C,30,GSW,77,1824,10.3,.524,.000,.223,8.5,17.6,13.0,2.8,1.2,5.1,19.5,10.0,,0.3,2.5,2.8,.075,,-3.4,1.7,-1.7,0.1
134,Richie Frahm\frahmri01,SG,28,TOT,33,342,9.4,.517,.700,.100,1.1,10.2,5.7,10.2,0.6,0.4,7.1,15.6,,0.2,0.3,0.5,.071,,-1.4,-0.8,-2.2,0.0
134,Richie Frahm\frahmri01,SG,28,MIN,25,225,8.9,.491,.738,.077,1.6,10.4,6.1,10.7,0.7,0.7,5.6,15.0,,0.1,0.2,0.3,.065,,-1.6,-0.6,-2.2,0.0
134,Richie Frahm\frahmri01,SG,28,HOU,8,117,10.4,.565,.629,.143,0.0,9.9,5.0,9.2,0.5,0.0,9.7,16.8,,0.1,0.1,0.2,.082,,-1.1,-1.1,-2.2,0.0
135,Steve Francis\francst01,PG-SG,28,TOT,70,2393,15.2,.534,.108,.522,3.9,10.9,7.5,24.6,1.7,0.6,18.5,22.6,,2.2,1.4,3.6,.073,,0.7,-0.7,0.0,1.2
135,Steve Francis\francst01,PG,28,ORL,46,1734,15.9,.532,.122,.504,4.4,11.0,7.8,25.7,1.6,0.5,18.2,23.4,,1.7,1.2,2.9,.081,,1.1,-0.5,0.6,1.1
135,Steve Francis\francst01,SG,28,NYK,24,659,13.4,.542,.068,.574,2.6,10.6,6.5,21.7,1.8,0.7,19.6,20.4,,0.4,0.2,0.7,.050,,-0.5,-1.1,-1.6,0.1
136,Channing Frye\fryech01,C,22,NYK,65,1572,18.1,.541,.014,.358,10.6,18.5,14.5,6.6,1.0,2.5,11.6,24.2,,2.6,0.9,3.5,.108,,0.7,-1.4,-0.7,0.5
137,Dan Gadzuric\gadzuda01,C,27,MIL,74,885,17.2,.550,.003,.288,12.0,19.3,15.6,4.9,1.5,3.9,9.1,19.8,,1.3,1.1,2.5,.134,,-1.6,-0.1,-1.7,0.0
138,Deng Gai\gaide01,C,23,PHI,2,5,0.0,,,,0.0,0.0,0.0,0.0,0.0,0.0,,0.0,,0.0,0.0,0.0,-0.015,,-3.6,-3.5,-7.2,0.0
139,Reece Gaines\gainere01,PG,25,MIL,12,54,6.7,.472,.167,.333,0.0,0.0,0.0,8.7,1.0,0.0,6.8,12.5,,0.0,0.0,0.0,.004,,-3.1,-2.0,-5.1,0.0
140,Francisco García\garcifr01,SF,24,SAC,67,1301,10.3,.510,.422,.311,3.5,13.0,8.3,11.2,1.6,2.6,16.9,15.7,,0.0,1.6,1.6,.060,,-2.1,1.3,-0.8,0.4
141,Kevin Garnett*\garneke01,PF,29,MIN,76,2957,26.8,.589,.025,.411,8.9,29.7,19.6,20.2,1.9,2.7,11.3,25.5,,9.0,5.9,14.9,.242,,5.6,2.2,7.8,7.4
142,Pat Garrity\garripa01,PF,29,ORL,57,938,9.1,.546,.533,.153,4.2,9.9,7.1,6.5,0.7,0.8,12.8,15.0,,0.8,0.4,1.2,.062,,-0.9,-1.0,-1.8,0.0
143,Pau Gasol\gasolpa01,PF,25,MEM,80,3135,22.7,.555,.010,.517,7.5,20.0,13.8,23.7,0.8,3.9,13.8,26.4,,6.6,5.4,12.0,.184,,3.9,1.7,5.5,6.0
144,Devean George\georgde01,SF,28,LAL,71,1542,11.3,.484,.376,.202,6.3,14.6,10.5,6.9,2.3,1.7,10.4,15.3,,0.7,2.0,2.6,.082,,-1.3,0.5,-0.8,0.4
145,Eddie Gill\gilled01,PG,27,IND,41,122,9.9,.408,.511,.511,0.0,13.8,7.1,15.8,4.8,0.6,14.0,24.5,,-0.2,0.3,0.1,.020,,-4.6,3.5,-1.1,0.0
146,Manu Ginóbili*\ginobma01,SG,28,SAS,65,1813,22.4,.593,.324,.538,2.8,12.0,7.5,22.2,3.0,1.0,12.8,25.0,,5.1,3.7,8.8,.234,,3.8,3.0,6.8,4.1
147,Gordan Giriček\giricgo01,SG,28,UTA,37,956,8.7,.482,.154,.149,1.9,7.0,4.4,12.8,0.9,0.3,13.4,22.8,,-0.6,0.4,-0.2,-0.010,,-3.3,-2.3,-5.6,-0.9
148,Anthony Goldwire\goldwan01,PG,34,LAC,3,22,-5.5,.143,.286,.000,0.0,5.1,2.6,12.8,0.0,0.0,12.5,16.8,,-0.1,0.0,-0.1,-0.245,,-9.0,-4.0,-13.0,-0.1
149,Ryan Gomes\gomesry01,PF,23,BOS,61,1376,14.0,.548,.025,.420,9.3,16.9,13.2,6.8,1.3,0.3,11.6,15.9,,1.9,1.2,3.1,.108,,0.0,-1.2,-1.2,0.3
150,Drew Gooden\goodedr01,PF,24,CLE,79,2174,17.6,.552,.005,.396,12.8,23.5,18.1,4.4,1.3,1.7,12.2,18.6,,3.6,2.9,6.6,.145,,0.5,-0.8,-0.2,1.0
151,Ben Gordon\gordobe01,SG,22,CHI,80,2482,14.5,.531,.332,.233,2.0,8.1,5.1,17.3,1.6,0.2,12.4,26.3,,1.8,2.6,4.4,.086,,0.7,-0.3,0.5,1.6
152,Joey Graham\grahajo01,SF,23,TOR,80,1581,10.2,.564,.210,.321,4.2,15.1,9.4,6.0,1.2,0.6,16.3,16.5,,1.0,0.3,1.3,.038,,-2.7,-1.1,-3.8,-0.7
153,Stephen Graham\grahast01,SG,23,TOT,22,175,6.9,.479,.185,.278,3.4,14.8,9.1,6.9,1.5,0.9,17.7,19.6,,-0.2,0.2,0.0,.009,,-6.0,0.3,-5.8,-0.2
153,Stephen Graham\grahast01,SG,23,HOU,6,38,9.7,.479,.313,.250,3.1,18.2,10.8,15.0,2.9,0.0,22.0,28.6,,-0.1,0.1,0.0,-0.034,,-4.8,1.0,-3.7,0.0
153,Stephen Graham\grahast01,SG,23,CHI,3,20,2.4,.425,.800,.400,0.0,17.1,8.6,7.1,0.0,0.0,14.5,15.5,,0.0,0.0,0.0,-0.002,,-6.3,-0.6,-7.0,0.0
153,Stephen Graham\grahast01,SG,23,CLE,13,117,6.7,.487,.030,.273,4.0,13.3,8.6,4.2,1.4,1.3,15.9,17.4,,-0.1,0.1,0.1,.025,,-6.4,0.2,-6.2,-0.1
154,Danny Granger\grangda01,SF,22,IND,78,1765,14.7,.540,.195,.310,8.8,16.0,12.5,8.8,1.8,2.6,12.8,16.4,,2.1,3.0,5.1,.139,,-0.7,1.8,1.1,1.4
155,Brian Grant\grantbr01,C,33,PHO,21,248,6.6,.445,.000,.123,5.0,20.1,12.8,3.8,1.0,0.8,9.3,13.6,,-0.1,0.3,0.2,.041,,-5.8,-0.2,-6.0,-0.3
156,Devin Green\greende01,SG,23,LAL,27,135,4.7,.336,.071,.750,8.7,12.2,10.5,7.3,1.2,0.0,11.8,14.3,,-0.2,0.1,-0.1,-0.018,,-5.1,-1.5,-6.5,-0.2
157,Gerald Green\greenge01,SG,20,BOS,32,374,13.1,.541,.145,.268,3.3,9.9,6.7,8.5,1.8,0.8,12.5,21.7,,0.2,0.3,0.5,.064,,-2.3,-1.2,-3.5,-0.1
158,Willie Green\greenwi01,SG,24,PHI,10,153,8.6,.513,.288,.076,0.8,10.7,5.7,5.7,0.7,0.0,15.0,23.9,,-0.2,0.0,-0.1,-0.038,,-2.7,-3.4,-6.1,-0.2
159,Orien Greene\greenor01,PG,23,BOS,80,1235,6.4,.449,.158,.269,3.7,10.4,7.2,15.8,3.2,0.6,27.8,14.6,,-1.8,1.4,-0.3,-0.013,,-5.9,1.4,-4.4,-0.8
160,Adrian Griffin\griffad01,SG,31,DAL,52,1245,11.6,.521,.010,.260,7.4,14.4,11.0,10.8,2.2,0.6,14.6,10.0,,1.4,1.5,2.9,.113,,-0.8,1.6,0.8,0.9
161,Eddie Griffin\griffed01,C,23,MIN,70,1359,12.2,.397,.222,.200,9.7,24.3,17.2,4.7,0.5,8.2,9.7,15.6,,-1.0,2.6,1.5,.055,,-3.1,1.5,-1.6,0.1
162,Anthony Grundy\grundan01,SG,26,ATL,12,108,16.6,.589,.395,.368,1.1,18.3,9.5,14.7,3.4,0.0,16.9,22.4,,0.1,0.1,0.2,.095,,-1.3,0.9,-0.4,0.0
163,Richard Hamilton\hamilri01,SG,27,DET,80,2825,18.2,.553,.091,.229,3.5,7.3,5.4,18.6,1.0,0.4,10.6,27.4,,5.3,2.4,7.6,.130,,1.7,-0.9,0.8,2.0
164,Zendon Hamilton\hamilze01,C,30,TOT,12,49,17.6,.593,.000,1.286,7.2,19.5,13.3,0.0,4.3,0.0,21.5,26.3,,0.0,0.1,0.1,.098,,-2.0,0.4,-1.6,0.0
164,Zendon Hamilton\hamilze01,C,30,CLE,11,46,18.2,.624,.000,1.231,7.7,20.8,14.2,0.0,3.5,0.0,23.0,26.2,,0.0,0.1,0.1,.108,,-1.4,0.1,-1.3,0.0
164,Zendon Hamilton\hamilze01,C,30,PHI,1,3,8.2,.266,.000,2.000,0.0,0.0,0.0,0.0,17.3,0.0,0.0,28.6,,0.0,0.0,0.0,-0.057,,-12.4,5.1,-7.3,0.0
165,Anfernee Hardaway\hardaan01,SF,34,NYK,4,72,2.0,.336,.071,.143,0.0,17.1,8.4,17.0,1.5,0.0,28.7,13.1,,-0.2,0.0,-0.2,-0.101,,-6.1,0.4,-5.7,-0.1
166,Matt Harpring\harprma01,SF,29,UTA,71,1944,16.3,.542,.058,.462,9.8,13.2,11.5,9.6,1.7,0.6,11.8,22.0,,3.1,1.6,4.7,.115,,0.6,-1.2,-0.6,0.7
167,Al Harrington\harrial01,PF,25,ATL,76,2782,16.0,.513,.157,.287,5.5,17.4,11.3,15.8,1.6,0.4,12.4,25.6,,2.6,1.2,3.8,.065,,0.4,-1.7,-1.3,0.5
168,Othella Harrington\harriot01,C,32,CHI,72,824,11.1,.530,.000,.451,7.6,13.9,10.7,8.0,0.4,1.2,15.7,21.2,,0.2,0.9,1.1,.063,,-3.4,-0.4,-3.9,-0.4
169,Devin Harris\harride01,PG,22,DAL,56,1275,17.4,.544,.052,.583,2.5,9.2,5.9,23.4,2.3,1.0,14.2,21.7,,2.3,1.4,3.7,.139,,0.8,0.6,1.4,1.1
170,David Harrison\harrida01,C,23,IND,67,1034,11.8,.519,.000,.592,9.7,18.4,14.2,2.4,1.2,4.2,17.6,20.2,,-0.4,1.9,1.5,.068,,-5.1,1.1,-4.0,-0.5
171,Jason Hart\hartja01,PG,27,SAC,66,818,7.1,.444,.140,.253,1.7,8.3,5.1,13.4,2.0,0.4,14.9,16.2,,-0.7,0.8,0.1,.006,,-5.1,0.4,-4.7,-0.6
172,Udonis Haslem\hasleud01,PF,25,MIA,81,2491,13.7,.558,.003,.337,8.2,21.2,15.0,5.9,1.1,0.5,10.5,14.1,,3.9,3.1,7.0,.134,,-0.4,-0.1,-0.5,0.9
173,Trenton Hassell\hassetr01,SG,26,MIN,77,2514,9.5,.512,.037,.286,4.0,6.2,5.2,13.2,0.9,0.9,15.2,15.4,,0.7,1.6,2.3,.044,,-2.4,-0.6,-3.1,-0.7
174,Chuck Hayes\hayesch01,PF,22,HOU,40,535,18.0,.589,.010,.429,14.9,24.1,19.6,4.6,2.6,2.1,8.8,12.2,,1.2,1.1,2.4,.212,,0.2,1.6,1.8,0.5
175,Jarvis Hayes\hayesja01,SG,24,WAS,21,516,12.2,.499,.257,.164,4.2,13.2,8.6,8.7,1.6,0.2,10.1,18.8,,0.3,0.4,0.7,.065,,-0.9,-0.5,-1.4,0.1
176,Brendan Haywood\haywobr01,C,26,WAS,79,1879,13.8,.542,.000,.519,12.0,17.0,14.5,3.9,0.8,4.3,15.5,14.9,,2.0,1.9,3.9,.099,,-1.5,-0.2,-1.7,0.2
177,Luther Head\headlu01,SG,23,HOU,80,2310,11.2,.517,.497,.195,1.7,11.6,6.8,16.2,2.1,0.3,14.8,16.6,,0.5,2.9,3.5,.072,,-1.3,1.1,-0.2,1.1
178,Alan Henderson\hendeal01,C,33,CLE,51,531,12.2,.564,.000,.538,13.3,17.3,15.3,2.9,0.9,1.7,16.3,11.7,,0.7,0.6,1.3,.116,,-1.3,-0.8,-2.1,0.0
179,Nenê\hilarne01,PF,23,DEN,1,3,-54.4,.000,.000,.000,0.0,0.0,0.0,0.0,0.0,0.0,66.7,44.8,,-0.1,0.0,-0.1,-1.312,,-56.5,-14.2,-70.7,0.0
180,Grant Hill*\hillgr01,SF,33,ORL,21,613,19.0,.552,.033,.420,3.1,12.7,8.1,14.6,2.1,0.8,10.8,24.9,,1.1,0.6,1.7,.130,,1.5,0.0,1.5,0.5
181,Kirk Hinrich\hinriki01,PG,25,CHI,81,2955,15.5,.528,.316,.291,1.1,10.0,5.6,28.9,1.6,0.6,13.4,21.4,,4.1,3.5,7.6,.124,,1.1,0.6,1.8,2.8
182,Julius Hodge\hodgeju01,SG,22,DEN,14,33,4.2,.393,.000,.615,17.9,7.0,12.4,29.3,3.1,0.0,32.6,33.3,,-0.2,0.0,-0.2,-0.219,,-8.9,-2.8,-11.7,-0.1
183,Randy Holcomb\holcora01,SF,26,CHI,4,11,8.2,1.000,.000,.000,10.5,0.0,5.2,0.0,0.0,0.0,0.0,4.1,,0.0,0.0,0.0,.150,,-1.0,-0.8,-1.7,0.0
184,Robert Horry\horryro01,PF,35,SAS,63,1182,13.5,.499,.493,.233,7.3,16.7,12.1,10.1,2.0,3.1,11.3,14.7,,1.0,2.5,3.6,.145,,0.4,2.8,3.1,1.5
185,Eddie House\houseed01,PG,27,PHO,81,1421,15.2,.512,.416,.054,1.2,8.9,5.2,16.4,1.5,0.6,8.9,26.9,,0.5,1.1,1.6,.054,,0.8,-0.9,-0.2,0.7
186,Dwight Howard\howardw01,PF,20,ORL,82,3021,19.3,.565,.002,.679,12.1,29.2,20.9,7.2,1.2,3.0,15.9,21.3,,4.2,4.4,8.6,.137,,1.1,-0.1,1.0,2.3
187,Josh Howard\howarjo01,SF,25,DAL,59,1915,19.3,.536,.085,.359,7.9,15.3,11.7,10.4,1.9,1.0,8.4,22.9,,4.4,2.3,6.7,.168,,2.2,0.0,2.2,2.0
188,Juwan Howard\howarju01,PF,32,HOU,80,2537,12.5,.499,.005,.222,7.9,16.7,12.4,8.4,1.1,0.3,12.4,20.2,,0.6,3.0,3.7,.069,,-2.0,-0.6,-2.6,-0.4
189,Troy Hudson\hudsotr01,PG,29,MIN,36,800,12.2,.480,.303,.156,1.2,5.3,3.3,23.3,0.8,0.4,10.1,23.5,,0.3,0.4,0.7,.042,,-0.1,-2.0,-2.1,0.0
190,Larry Hughes\hughela01,SG,27,CLE,36,1281,14.0,.504,.162,.412,2.4,12.6,7.4,17.5,2.2,1.3,15.2,23.6,,0.3,1.5,1.8,.067,,-1.4,0.1,-1.3,0.2
191,Kris Humphries\humphkr01,PF,20,UTA,62,619,10.3,.406,.025,.320,10.9,20.0,15.4,8.6,2.0,2.2,11.8,19.7,,-0.6,0.8,0.2,.019,,-4.0,-0.5,-4.5,-0.4
192,Lindsey Hunter\hunteli01,PG,35,DET,30,353,10.5,.427,.430,.040,3.3,10.2,6.7,27.1,3.0,0.2,16.4,16.4,,0.0,0.5,0.5,.066,,-3.6,2.0,-1.6,0.0
193,Steven Hunter\huntest01,C,24,PHI,69,1312,13.9,.598,.000,.474,9.8,14.4,12.1,2.1,0.5,4.4,15.4,14.4,,1.5,1.0,2.5,.090,,-1.4,-0.9,-2.4,-0.1
194,Andre Iguodala\iguodan01,SF,22,PHI,82,3086,14.8,.598,.230,.507,4.4,13.8,9.1,12.9,2.3,0.5,15.4,14.7,,4.9,2.6,7.5,.116,,0.2,0.4,0.6,2.0
195,Zydrunas Ilgauskas\ilgauzy01,C,30,CLE,78,2283,21.9,.576,.006,.427,12.6,18.1,15.3,7.4,0.9,4.6,12.8,24.6,,5.6,3.1,8.7,.184,,1.4,0.2,1.6,2.1
196,D.J. Mbenga\mbengdj01,C,25,DAL,43,237,13.4,.538,.017,.333,9.8,18.4,14.2,1.4,1.4,8.1,18.9,16.7,,0.0,0.4,0.5,.092,,-4.7,2.1,-2.6,0.0
197,Allen Iverson*\iversal01,PG,30,PHI,72,3103,25.9,.543,.122,.455,1.7,7.1,4.4,34.9,2.3,0.2,10.2,35.8,,8.8,1.8,10.6,.165,,5.8,-1.0,4.8,5.3
198,Royal Ivey\iveyro01,PG,24,ATL,73,978,8.4,.467,.038,.125,3.7,8.2,5.9,12.2,1.3,0.5,7.6,14.0,,0.6,0.0,0.7,.034,,-3.7,-0.9,-4.6,-0.6
199,Jarrett Jack\jackja01,SG,22,POR,79,1599,12.3,.528,.178,.374,1.3,10.8,6.0,23.2,1.4,0.1,17.0,17.8,,1.1,0.1,1.2,.035,,-1.7,-1.4,-3.1,-0.4
200,Bobby Jackson\jacksbo01,PG,32,MEM,71,1775,14.6,.497,.444,.195,3.0,12.1,7.6,20.7,1.9,0.0,11.1,25.0,,1.0,2.5,3.5,.095,,0.6,-0.2,0.4,1.1
201,Jermaine Jackson\jacksje01,PG,29,MIL,30,202,8.2,.544,.154,.538,4.6,11.4,7.9,17.8,1.0,0.4,28.8,10.2,,0.1,0.1,0.2,.047,,-2.6,-0.1,-2.7,0.0
202,Jim Jackson\jacksji01,SF,35,TOT,40,512,3.0,.365,.463,.081,2.4,14.0,8.3,9.1,1.2,0.8,17.4,17.6,,-1.3,0.5,-0.8,-0.078,,-6.2,-0.3,-6.5,-0.6
202,Jim Jackson\jacksji01,SF,35,PHO,27,420,3.2,.367,.488,.101,3.0,13.7,8.5,9.6,1.2,1.0,18.2,17.6,,-1.1,0.4,-0.7,-0.075,,-6.2,0.2,-6.0,-0.4
202,Jim Jackson\jacksji01,SF,35,LAL,13,92,2.1,.355,.355,.000,0.0,15.3,7.7,6.6,1.1,0.0,13.9,17.8,,-0.2,0.1,-0.2,-0.089,,-6.5,-2.4,-8.9,-0.2
203,Luke Jackson\jackslu02,SF,24,CLE,36,315,7.9,.482,.424,.388,6.0,9.1,7.5,12.4,1.9,0.5,23.8,19.2,,-0.3,0.3,0.0,-0.003,,-3.3,-0.7,-4.0,-0.2
204,Marc Jackson\jacksma02,C,31,TOT,64,1027,12.5,.512,.005,.222,9.7,15.4,12.5,7.9,0.7,0.6,13.8,21.5,,0.3,0.9,1.2,.057,,-2.4,-1.8,-4.2,-0.6
204,Marc Jackson\jacksma02,C,31,NJN,37,433,10.7,.503,.000,.324,8.0,16.2,12.1,9.2,0.6,1.1,14.2,21.4,,0.0,0.6,0.6,.061,,-4.0,-0.7,-4.6,-0.3
204,Marc Jackson\jacksma02,C,31,NOK,27,594,13.9,.519,.009,.154,10.9,14.8,12.8,7.0,0.7,0.3,13.6,21.5,,0.3,0.4,0.7,.054,,-1.3,-2.6,-3.9,-0.3
205,Stephen Jackson\jacksst02,SG,27,IND,81,2910,13.6,.512,.295,.297,2.0,10.1,6.2,14.2,1.9,1.1,13.5,24.0,,0.5,3.9,4.4,.073,,-0.6,0.5,-0.1,1.4
206,Jerome James\jamesje01,C,30,NYK,45,406,6.3,.494,.000,.331,11.6,15.7,13.6,5.2,0.4,4.6,26.9,21.2,,-0.7,0.2,-0.5,-0.062,,-8.2,-1.1,-9.3,-0.8
207,LeBron James\jamesle01,SF,21,CLE,79,3361,28.1,.568,.208,.447,2.6,17.1,9.8,32.8,2.0,1.5,10.7,33.6,,12.0,4.3,16.3,.232,,7.5,1.6,9.1,9.4
208,Mike James\jamesmi01,PG,30,TOR,79,2925,19.8,.583,.311,.275,1.8,9.5,5.5,28.2,1.3,0.1,13.0,25.0,,7.7,-0.1,7.6,.125,,4.0,-2.2,1.8,2.9
209,Antawn Jamison\jamisan01,SF,29,WAS,82,3288,17.7,.518,.250,.199,5.7,21.8,13.5,8.7,1.4,0.3,7.8,23.9,,4.9,3.2,8.2,.119,,2.4,-1.2,1.2,2.7
210,Marko Jarić\jaricma01,PG,27,MIN,75,2102,11.7,.468,.235,.244,3.5,9.6,6.7,22.5,2.8,0.8,16.8,17.0,,-0.3,2.6,2.3,.053,,-2.1,1.4,-0.7,0.7
211,Šarūnas Jasikevičius\jasiksa01,PG,29,IND,75,1557,12.9,.561,.550,.310,1.5,9.6,5.7,24.4,1.4,0.2,19.2,18.0,,1.6,1.7,3.3,.103,,0.1,0.0,0.1,0.9
212,Al Jefferson\jeffeal01,PF,21,BOS,59,1062,16.2,.530,.011,.354,11.4,22.6,17.2,5.0,1.5,3.3,12.4,21.6,,0.9,1.5,2.3,.105,,-1.7,-0.4,-2.1,0.0
213,Richard Jefferson\jefferi01,SF,25,NJN,78,3059,18.9,.603,.187,.577,3.6,17.1,10.2,18.0,1.0,0.4,12.1,22.1,,7.6,4.1,11.7,.184,,2.6,0.5,3.1,3.9
214,Jared Jeffries\jeffrja01,PF,24,WAS,77,1951,11.6,.500,.120,.405,9.5,13.2,11.3,11.6,1.5,2.0,16.8,13.4,,1.4,1.7,3.1,.076,,-1.1,0.4,-0.8,0.6
215,Amir Johnson\johnsam01,SF,18,DET,3,39,20.3,.850,.300,.400,9.0,3.1,6.1,13.4,0.0,3.7,25.4,19.2,,0.1,0.0,0.2,.208,,1.1,-0.7,0.4,0.0
216,Anthony Johnson\johnsan02,PG,31,IND,75,1981,14.2,.520,.257,.234,1.9,7.7,4.9,28.6,1.7,0.8,14.7,18.3,,2.2,2.3,4.5,.108,,0.2,0.4,0.7,1.3
217,DerMarr Johnson\johnsde03,SG,25,DEN,58,924,11.7,.545,.523,.137,2.4,9.6,6.1,9.5,1.4,2.1,12.4,17.9,,0.5,0.8,1.3,.070,,-0.6,-0.2,-0.8,0.3
218,Ervin Johnson\johnser02,C,38,MIL,18,81,3.1,.419,.000,.118,7.2,28.4,17.6,3.7,0.6,2.0,21.9,12.9,,-0.1,0.1,0.0,-0.010,,-9.2,-0.7,-9.9,-0.2
219,Joe Johnson\johnsjo02,SG,24,ATL,82,3340,17.9,.537,.258,.237,3.4,8.8,6.0,29.1,1.6,0.7,14.8,24.6,,5.5,0.4,6.0,.086,,3.1,-2.1,1.0,2.5
220,Linton Johnson\johnsli01,SF,25,TOT,36,524,10.1,.476,.242,.181,8.9,19.1,13.8,4.5,1.2,1.9,14.8,16.8,,-0.2,0.6,0.4,.036,,-3.0,-1.1,-4.1,-0.3
220,Linton Johnson\johnsli01,SF,25,NJN,9,35,4.4,.468,.000,.400,0.0,23.8,11.7,10.2,3.1,0.0,25.4,21.2,,-0.1,0.1,0.0,-0.065,,-9.0,1.8,-7.2,0.0
220,Linton Johnson\johnsli01,SF,25,NOK,27,489,10.5,.476,.259,.165,9.5,18.8,14.0,4.1,1.1,2.0,13.9,16.5,,-0.1,0.5,0.4,.043,,-2.5,-1.3,-3.9,-0.2
221,Dahntay Jones\jonesda02,SF,25,MEM,71,967,8.0,.462,.080,.354,2.5,10.4,6.5,7.0,2.2,1.2,14.1,17.8,,-0.9,1.5,0.6,.029,,-5.3,0.9,-4.4,-0.6
222,Damon Jones\jonesda01,PG,29,CLE,82,2089,9.3,.538,.756,.102,0.8,6.8,3.8,12.6,0.9,0.0,9.7,12.6,,2.2,1.1,3.4,.077,,-0.6,-0.5,-1.1,0.5
223,Dwayne Jones\jonesdw02,PF,22,BOS,14,87,9.2,.445,.000,1.300,14.4,28.7,21.7,3.3,0.6,2.6,16.0,9.9,,0.0,0.1,0.1,.081,,-3.8,-1.0,-4.8,-0.1
224,Eddie Jones\jonesed02,SG,34,MEM,75,2437,14.7,.542,.518,.298,1.8,12.0,6.9,12.7,3.0,0.9,10.2,18.1,,3.0,4.2,7.2,.141,,-0.1,2.3,2.2,2.6
225,Fred Jones\jonesfr01,SG,26,IND,68,1837,11.0,.517,.335,.286,1.2,9.3,5.3,14.5,1.6,0.8,14.5,18.7,,0.4,2.2,2.6,.069,,-1.8,0.7,-1.0,0.4
226,James Jones\jonesja02,SF,25,PHO,75,1772,13.2,.551,.491,.208,2.8,12.8,7.9,4.5,1.1,1.9,5.2,16.9,,2.3,1.7,4.0,.110,,0.1,-0.2,-0.1,0.9
227,Jumaine Jones\jonesju01,PF,26,CHA,76,2089,12.1,.506,.455,.164,5.5,16.1,10.4,5.0,1.7,0.8,8.6,18.3,,1.2,1.8,3.0,.068,,-0.9,-0.9,-1.7,0.2
228,Chris Kaman\kamanch01,C,23,LAC,78,2560,15.0,.570,.003,.357,8.9,24.5,17.0,5.0,0.9,3.2,17.7,17.9,,1.8,4.3,6.1,.114,,-1.3,0.6,-0.7,0.8
229,Jason Kapono\kaponja01,SF,24,MIA,51,665,9.0,.540,.299,.186,2.2,10.0,6.3,8.6,0.6,0.3,9.5,14.7,,0.7,0.5,1.2,.085,,-2.3,-0.5,-2.8,-0.1
230,Mario Kasun\kasunma01,C,25,ORL,28,213,8.9,.506,.000,.333,14.3,20.3,17.4,2.4,0.5,1.1,15.9,20.9,,0.1,0.2,0.3,.059,,-7.2,-1.8,-9.0,-0.4
231,Viktor Khryapa\khryavi01,SF,23,POR,69,1492,11.5,.516,.088,.325,9.1,15.8,12.4,9.8,1.8,1.5,17.7,15.1,,0.6,0.7,1.3,.042,,-2.8,-0.5,-3.3,-0.5
232,Jason Kidd*\kiddja01,PG,32,NJN,80,2975,19.2,.526,.436,.270,3.3,19.8,11.4,39.0,2.7,0.8,15.9,19.1,,4.5,5.6,10.1,.163,,2.8,2.6,5.4,5.5
233,Andrei Kirilenko\kirilan01,SF,24,UTA,69,2604,20.7,.556,.160,.678,7.4,18.4,12.9,20.5,2.1,7.0,17.6,20.5,,3.6,4.3,7.9,.145,,3.4,3.1,6.6,5.6
234,Linas Kleiza\kleizli01,PF,21,DEN,61,519,13.2,.510,.075,.468,8.7,17.4,13.1,4.6,1.0,1.9,7.1,19.4,,0.6,0.6,1.2,.111,,-2.9,-0.8,-3.7,-0.2
235,Brevin Knight\knighbr01,PG,30,CHA,69,2351,17.3,.478,.017,.407,1.6,9.9,5.5,42.3,3.4,0.1,15.3,20.3,,2.5,2.5,4.9,.101,,0.4,1.0,1.4,2.0
236,Yaroslav Korolev\korolya01,SF,18,LAC,24,127,4.8,.392,.233,.333,4.8,7.0,5.9,10.3,1.2,0.0,14.9,14.7,,-0.1,0.1,0.0,-0.013,,-4.7,-0.9,-5.6,-0.1
237,Kyle Korver\korveky01,SF,24,PHI,82,2563,12.3,.577,.576,.156,1.2,11.1,6.2,10.2,1.3,0.8,10.8,16.2,,3.2,1.3,4.6,.086,,0.3,-0.9,-0.6,0.9
238,Nenad Krstić\krstine01,PF,22,NJN,80,2469,14.4,.541,.005,.301,8.5,15.9,12.2,6.8,0.7,2.1,11.8,21.6,,2.0,3.4,5.4,.105,,-1.9,-0.4,-2.2,-0.1
239,Toni Kukoč*\kukocto01,PF,37,MIL,65,1018,11.9,.491,.493,.188,3.0,14.7,8.8,21.5,1.7,1.3,17.0,17.4,,0.2,0.9,1.1,.053,,-0.3,0.5,0.3,0.6
240,Raef LaFrentz\lafrera01,PF,29,BOS,82,2033,12.0,.546,.518,.136,4.9,19.1,12.2,9.0,0.7,2.7,10.0,14.7,,2.2,2.0,4.3,.101,,-0.4,0.2,-0.1,1.0
241,Maciej Lampe\lampema01,C,20,TOT,6,28,-4.4,.168,.000,.182,16.9,21.3,19.0,10.0,0.0,0.0,20.2,25.2,,-0.2,0.0,-0.2,-0.332,,-11.9,-6.4,-18.3,-0.1
241,Maciej Lampe\lampema01,C,20,NOK,2,16,-6.1,.000,.000,.000,7.2,22.9,14.9,17.5,0.0,0.0,20.0,14.6,,-0.1,0.0,-0.1,-0.257,,-10.6,-2.6,-13.1,0.0
241,Maciej Lampe\lampema01,C,20,HOU,4,12,-2.1,.254,.000,.286,29.8,19.2,24.4,0.0,0.0,0.0,20.2,39.3,,-0.1,0.0,-0.1,-0.432,,-13.8,-11.4,-25.2,-0.1
242,David Lee\leeda02,SF,22,NYK,67,1129,15.4,.607,.000,.535,11.6,21.1,16.3,6.5,1.4,1.5,15.2,13.5,,2.0,0.8,2.7,.116,,0.7,-0.6,0.1,0.6
243,Voshon Lenard\lenarvo01,SG,32,TOT,26,458,10.9,.467,.408,.162,1.3,10.8,6.1,15.6,2.4,0.7,13.2,23.7,,-0.5,0.3,-0.1,-0.013,,-1.9,-0.3,-2.2,0.0
243,Voshon Lenard\lenarvo01,SG,32,DEN,12,238,10.1,.455,.340,.126,1.0,12.6,6.9,12.7,1.7,0.6,9.2,22.5,,-0.2,0.2,0.0,.005,,-2.1,0.3,-1.8,0.0
243,Voshon Lenard\lenarvo01,SG,32,POR,14,220,11.8,.480,.489,.205,1.6,8.9,5.2,18.8,3.2,0.7,17.3,25.0,,-0.3,0.1,-0.1,-0.031,,-1.7,-0.9,-2.7,0.0
244,Rashard Lewis\lewisra02,SF,26,SEA,78,2876,20.0,.585,.321,.372,4.6,11.9,8.2,10.7,1.9,1.3,9.5,23.1,,8.2,0.1,8.3,.138,,4.2,-1.6,2.7,3.4
245,Randy Livingston\livinra01,PG,30,CHI,5,22,-3.0,.000,.000,.000,5.2,15.6,10.4,6.0,2.3,0.0,33.3,6.2,,-0.1,0.0,0.0,-0.045,,-11.9,3.3,-8.6,0.0
246,Shaun Livingston\livinsh01,PG,20,LAC,61,1525,10.2,.460,.023,.221,3.3,10.4,7.0,27.2,1.6,1.6,22.5,15.0,,-0.5,1.8,1.3,.041,,-2.6,0.7,-1.9,0.1
247,John Lucas III\lucasjo02,PG,23,HOU,13,107,7.7,.417,.250,.000,2.2,3.2,2.7,20.3,2.5,0.0,16.3,19.2,,-0.2,0.1,-0.1,-0.027,,-3.8,-0.5,-4.4,-0.1
248,Tyronn Lue\luety01,PG,28,ATL,51,1234,15.5,.585,.304,.330,1.2,6.9,4.0,21.7,1.1,0.2,13.5,20.4,,2.8,-0.1,2.7,.104,,1.5,-2.2,-0.7,0.4
249,Arvydas Macijauskas\macijar01,SG,26,NOK,19,135,8.3,.462,.293,.366,2.6,6.3,4.4,6.1,2.8,0.0,14.4,19.2,,-0.1,0.1,0.0,-0.001,,-4.3,0.0,-4.2,-0.1
250,Mark Madsen\madsema01,C,30,MIN,62,676,5.3,.427,.106,.712,9.1,15.7,12.5,2.4,1.8,1.9,23.1,7.9,,-0.3,0.9,0.6,.043,,-5.7,0.9,-4.8,-0.5
251,Corey Maggette\maggeco01,SF,26,LAC,32,943,18.9,.584,.189,.683,3.6,16.6,10.4,12.1,1.1,0.3,13.8,27.7,,1.9,1.1,3.0,.154,,1.6,-0.7,0.9,0.7
252,Jamaal Magloire\magloja01,C,27,MIL,82,2465,11.1,.494,.000,.541,10.4,27.4,18.8,3.6,0.6,2.6,17.9,17.2,,-0.8,2.9,2.0,.039,,-3.3,-0.8,-4.1,-1.3
253,Stephon Marbury\marbust01,PG,28,NYK,60,2193,16.4,.532,.134,.421,1.4,8.4,4.9,31.7,1.5,0.1,14.6,22.2,,3.5,0.3,3.9,.084,,1.8,-1.7,0.1,1.1
254,Shawn Marion\mariosh01,PF,27,PHO,81,3263,23.6,.591,.212,.218,8.7,23.6,16.3,6.8,2.5,2.9,7.7,22.3,,8.6,5.9,14.6,.214,,3.5,1.3,4.8,5.6
255,Sean Marks\marksse01,PF,30,SAS,25,181,17.9,.531,.042,.169,8.0,19.8,14.0,7.0,1.5,2.8,8.4,22.0,,0.2,0.4,0.6,.156,,-1.1,1.0,-0.1,0.1
256,Donyell Marshall\marshdo01,PF,32,CLE,81,2077,13.4,.517,.589,.183,5.9,22.3,14.0,4.8,1.5,1.5,11.0,18.2,,1.4,2.8,4.2,.097,,0.2,-0.1,0.1,1.1
257,Rawle Marshall\marshra01,SF,23,DAL,23,241,10.1,.488,.050,.483,4.1,11.3,7.7,6.5,1.8,2.2,17.1,17.0,,-0.1,0.3,0.2,.043,,-1.8,0.0,-1.8,0.0
258,Darrick Martin\martida01,PG,34,TOR,40,339,11.5,.474,.412,.247,0.7,6.8,3.6,25.7,2.6,0.0,12.2,16.7,,0.3,0.1,0.4,.052,,-1.6,-0.5,-2.1,0.0
259,Kenyon Martin\martike01,PF,28,DEN,56,1546,16.7,.533,.037,.283,7.1,19.4,13.3,8.8,1.4,2.5,9.6,21.6,,1.8,2.0,3.8,.117,,-0.3,0.4,0.1,0.8
260,Kevin Martin\martike02,SG,22,SAC,72,1913,14.8,.604,.328,.407,3.6,12.3,8.0,8.3,1.5,0.3,11.2,17.4,,3.6,1.9,5.5,.137,,0.4,0.0,0.4,1.2
261,Desmond Mason\masonde01,SF,28,NOK,70,2102,9.2,.460,.009,.438,3.5,13.6,8.4,5.4,1.1,0.7,12.1,20.8,,-1.7,1.4,-0.2,-0.005,,-3.5,-1.4,-4.9,-1.5
262,Jason Maxiell\maxieja01,PF,22,DET,26,159,8.0,.414,.000,.778,8.9,12.1,10.5,3.1,1.4,2.3,13.2,24.9,,-0.4,0.2,-0.2,-0.054,,-6.4,-2.8,-9.2,-0.3
263,Sean May\mayse01,PF,21,CHA,23,398,15.3,.474,.029,.374,11.5,20.9,15.9,9.7,2.2,2.3,14.2,25.9,,-0.1,0.5,0.4,.047,,-2.0,-0.6,-2.6,0.0
264,Rashad McCants\mccanra01,SG,21,MIN,79,1362,12.6,.539,.336,.198,2.6,9.8,6.3,8.4,1.7,1.2,12.9,23.3,,0.2,1.4,1.6,.058,,-1.3,-0.3,-1.7,0.1
265,Walter McCarty\mccarwa01,SF,31,LAC,36,353,5.9,.407,.455,.212,5.2,16.7,11.2,9.8,1.2,1.1,14.9,16.7,,-0.5,0.5,0.0,-0.001,,-4.7,0.0,-4.7,-0.2
266,Antonio McDyess\mcdyean01,PF,31,DET,82,1733,15.5,.520,.004,.218,10.6,19.4,15.0,8.8,1.5,2.0,11.0,18.9,,1.9,2.8,4.6,.128,,-1.7,0.5,-1.2,0.3
267,Tracy McGrady*\mcgratr01,SF,26,HOU,47,1745,21.9,.494,.231,.336,3.1,17.2,10.3,28.8,1.8,1.9,9.4,35.0,,1.4,2.7,4.1,.112,,4.8,0.7,5.4,3.3
268,Jeff McInnis\mcinnje01,SG,31,NJN,28,486,9.2,.478,.112,.203,2.6,9.5,6.0,18.7,1.2,0.3,15.7,17.9,,-0.2,0.6,0.3,.031,,-2.9,-0.3,-3.3,-0.2
269,Aaron McKie\mckieaa01,PG,33,LAL,14,121,6.1,.272,.167,.167,2.9,16.5,9.7,12.5,2.2,0.0,13.4,5.6,,0.0,0.1,0.1,.041,,-4.5,2.1,-2.4,0.0
270,Keith McLeod\mcleoke01,PG,26,UTA,66,1232,8.6,.464,.241,.391,1.1,6.7,3.8,20.7,1.9,0.6,16.0,17.8,,-0.2,0.8,0.6,.024,,-3.7,-0.8,-4.5,-0.8
271,Stanislav Medvedenko\medvest01,PF,26,LAL,2,6,11.0,.500,.000,.000,0.0,0.0,0.0,28.4,0.0,0.0,0.0,15.2,,0.0,0.0,0.0,.114,,-0.7,-0.8,-1.4,0.0
272,Chris Mihm\mihmch01,C,26,LAL,59,1541,15.3,.552,.000,.438,10.5,18.0,14.2,6.6,0.5,3.6,13.2,18.7,,2.2,1.7,4.0,.124,,-1.4,-0.5,-1.9,0.0
273,Aaron Miles\milesaa01,PG,22,GSW,19,118,6.0,.405,.000,.222,0.0,13.6,6.6,29.5,1.7,0.6,35.8,11.6,,-0.2,0.1,0.0,-0.015,,-5.7,0.8,-5.0,-0.1
274,C.J. Miles\milescj01,PG,18,UTA,23,203,13.8,.456,.263,.316,10.7,12.0,11.3,14.3,1.9,0.8,9.4,21.8,,0.1,0.2,0.3,.076,,-0.2,-1.6,-1.8,0.0
275,Darius Miles\milesda01,SF,24,POR,40,1286,12.5,.480,.020,.320,2.2,15.0,8.5,10.8,1.8,2.3,14.5,25.1,,-1.6,0.6,-1.0,-0.037,,-2.5,-0.9,-3.4,-0.4
276,Darko Miličić\milicda01,C,20,TOT,55,767,15.2,.520,.009,.214,7.2,16.8,12.1,9.2,1.0,7.8,16.6,19.0,,0.0,1.1,1.2,.073,,-2.3,2.2,-0.2,0.4
276,Darko Miličić\milicda01,C,20,DET,25,140,10.1,.507,.061,.242,8.4,15.5,11.9,10.2,1.2,7.8,29.1,17.5,,-0.2,0.3,0.0,.016,,-6.9,3.5,-3.4,0.0
276,Darko Miličić\milicda01,C,20,ORL,30,627,16.3,.522,.000,.209,6.9,17.1,12.1,9.0,1.0,7.8,14.1,19.3,,0.3,0.9,1.1,.086,,-1.3,1.8,0.6,0.4
277,Andre Miller\millean02,PG,29,DEN,82,2937,16.4,.532,.031,.486,3.7,10.2,7.0,36.2,1.8,0.5,19.5,20.0,,3.6,2.6,6.2,.101,,0.6,-0.4,0.2,1.7
278,Brad Miller\millebr01,C,29,SAC,79,2923,17.5,.576,.100,.385,4.9,19.5,12.3,21.5,1.1,1.6,14.9,18.9,,5.5,3.6,9.1,.150,,1.5,1.0,2.5,3.3
279,Mike Miller\millemi01,SG,25,MEM,74,2268,17.2,.595,.446,.276,2.3,18.8,10.6,16.5,1.3,1.0,14.1,21.3,,3.9,3.5,7.4,.157,,2.4,0.6,3.0,2.9
280,Yao Ming*\mingya01,C,25,HOU,57,1949,25.6,.592,.001,.439,9.1,25.6,17.5,9.8,0.8,3.9,12.0,29.9,,5.0,3.5,8.6,.211,,3.5,0.9,4.4,3.2
281,Cuttino Mobley\moblecu01,SG,30,LAC,79,2979,13.1,.519,.243,.271,2.0,10.9,6.6,13.1,1.6,0.9,11.4,19.8,,1.9,3.4,5.3,.086,,-0.7,0.5,-0.2,1.3
282,Nazr Mohammed\mohamna01,C,28,SAS,80,1389,15.0,.560,.000,.382,14.2,21.2,17.8,4.7,0.8,2.5,17.1,18.3,,1.7,2.8,4.5,.156,,-2.4,0.4,-2.0,0.0
283,Sergei Monia\moniase01,SF,22,TOT,26,343,6.3,.413,.391,.161,3.8,14.6,9.1,8.9,1.1,1.1,11.4,14.5,,-0.3,0.1,-0.2,-0.025,,-4.2,-1.1,-5.3,-0.3
283,Sergei Monia\moniase01,SF,22,POR,23,336,6.2,.415,.388,.141,3.9,14.5,9.1,9.1,1.0,1.1,11.7,14.4,,-0.2,0.1,-0.2,-0.026,,-4.1,-1.2,-5.3,-0.3
283,Sergei Monia\moniase01,SF,22,SAC,3,7,12.1,.347,.500,1.000,0.0,16.5,8.4,0.0,7.5,0.0,0.0,18.9,,0.0,0.0,0.0,.062,,-6.6,2.0,-4.6,0.0
284,Mikki Moore\mooremi01,C,30,SEA,47,583,8.6,.509,.016,.500,9.0,18.1,13.5,6.8,0.6,2.0,20.9,14.7,,0.1,0.0,0.1,.006,,-3.9,-1.5,-5.5,-0.5
285,Terence Morris\morrite01,SF,27,ORL,22,192,5.1,.348,.041,.061,4.0,20.0,12.2,3.2,1.7,2.1,12.2,14.1,,-0.4,0.2,-0.1,-0.031,,-5.0,0.6,-4.4,-0.1
286,Alonzo Mourning*\mournal01,C,35,MIA,65,1302,19.4,.615,.003,.711,11.8,20.3,16.2,1.4,0.5,10.2,16.0,17.5,,2.1,2.6,4.8,.176,,-0.7,2.5,1.8,1.2
287,Troy Murphy\murphtr01,PF,25,GSW,74,2516,15.9,.529,.216,.381,8.4,24.9,16.5,6.7,1.0,0.8,9.9,19.2,,3.5,3.0,6.5,.125,,0.5,-0.9,-0.3,1.1
288,Lamond Murray\murrala01,SF,32,NJN,57,576,10.8,.493,.431,.221,5.8,21.3,13.4,3.9,1.6,1.0,10.0,18.0,,-0.1,1.0,0.9,.076,,-2.8,-0.2,-3.0,-0.1
289,Ronald Murray\murraro01,SG,26,TOT,76,2112,11.5,.487,.184,.315,1.8,6.9,4.3,15.4,1.7,0.4,13.4,21.7,,0.2,0.5,0.7,.015,,-1.6,-1.6,-3.2,-0.6
289,Ronald Murray\murraro01,SG,26,SEA,48,1085,11.2,.463,.169,.306,2.0,7.7,4.8,18.1,1.4,0.3,13.4,24.4,,-0.3,-0.3,-0.7,-0.029,,-1.6,-3.3,-4.9,-0.8
289,Ronald Murray\murraro01,SG,26,CLE,28,1027,11.9,.520,.205,.328,1.7,6.1,3.9,12.6,2.0,0.5,13.4,18.9,,0.5,0.9,1.3,.062,,-1.5,0.1,-1.4,0.2
290,Dikembe Mutombo*\mutomdi01,C,39,HOU,64,955,12.7,.626,.000,.958,12.5,24.9,18.8,0.7,1.0,4.9,20.6,8.5,,1.3,1.8,3.1,.156,,-2.3,1.5,-0.8,0.3
291,Boniface N'Dong\ndongbo01,C,28,LAC,23,152,11.0,.439,.019,.170,12.0,16.1,14.1,7.5,0.7,2.5,9.5,19.1,,0.0,0.2,0.2,.058,,-3.8,-1.2,-5.0,-0.1
292,Boštjan Nachbar\nachbbo01,PF-SF,25,TOT,36,502,7.2,.448,.455,.282,1.8,12.6,7.1,8.9,1.7,0.8,12.0,18.6,,-0.4,0.5,0.1,.005,,-4.4,-0.2,-4.6,-0.3
292,Boštjan Nachbar\nachbbo01,PF,25,NOK,25,405,7.3,.451,.460,.290,1.1,13.6,7.2,8.9,1.7,1.0,12.5,18.4,,-0.3,0.4,0.0,.002,,-3.9,0.2,-3.8,-0.2
292,Boštjan Nachbar\nachbbo01,SF,25,NJN,11,97,6.9,.436,.438,.250,4.8,8.6,6.6,8.9,1.7,0.0,10.1,19.2,,-0.1,0.1,0.0,.016,,-6.4,-1.7,-8.1,-0.1
293,Lee Nailon\nailole01,PF,30,PHI,22,237,14.5,.537,.000,.188,11.3,9.4,10.4,5.0,1.7,1.3,10.4,18.6,,0.3,0.2,0.5,.096,,-1.4,-1.3,-2.7,0.0
294,Eduardo Nájera\najered01,PF,29,DEN,64,1449,10.9,.494,.040,.379,10.4,15.7,13.1,5.2,1.9,1.8,13.3,12.5,,1.0,1.8,2.7,.090,,-2.3,0.5,-1.8,0.1
295,Steve Nash*\nashst01,PG,31,PHO,79,2796,23.3,.632,.324,.264,1.9,11.1,6.6,44.4,1.1,0.3,19.0,23.3,,10.3,2.1,12.4,.212,,5.7,-0.7,5.0,4.9
296,Jameer Nelson\nelsoja01,PG,23,ORL,62,1784,19.5,.567,.229,.252,2.8,9.5,6.2,31.5,2.1,0.4,15.6,25.1,,3.5,1.4,4.9,.132,,2.6,-0.6,2.0,1.8
297,Rasho Nesterović\nestera01,C,29,SAS,80,1515,11.0,.521,.006,.090,9.1,14.8,12.1,3.4,0.8,4.2,13.2,12.6,,0.9,2.9,3.7,.118,,-3.3,1.8,-1.5,0.2
298,Ira Newble\newblir01,SG,31,CLE,36,353,4.0,.375,.228,.281,7.0,11.9,9.4,3.7,0.8,2.2,15.8,10.0,,-0.3,0.3,0.1,.009,,-5.3,0.1,-5.2,-0.3
299,Andrés Nocioni\nocioan01,PF,26,CHI,82,2239,16.1,.567,.286,.291,4.6,21.0,12.8,9.0,0.9,1.8,11.3,21.3,,3.3,3.4,6.7,.144,,0.8,0.9,1.7,2.1
300,Moochie Norris\norrimo01,PG,32,TOT,45,424,10.1,.479,.125,.375,3.4,11.7,7.5,20.1,2.6,0.2,20.2,18.2,,-0.3,0.5,0.3,.029,,-4.2,1.3,-3.0,-0.1
300,Moochie Norris\norrimo01,PG,32,HOU,29,241,10.4,.448,.077,.262,4.5,12.0,8.3,20.9,3.2,0.3,18.1,17.5,,-0.2,0.4,0.2,.046,,-4.6,2.6,-1.9,0.0
300,Moochie Norris\norrimo01,PG,32,NOK,16,183,9.6,.517,.191,.532,1.9,11.4,6.5,19.0,1.8,0.0,22.7,19.1,,-0.1,0.1,0.0,.006,,-3.8,-0.6,-4.3,-0.1
301,Dirk Nowitzki\nowitdi01,PF,27,DAL,81,3089,28.1,.589,.173,.382,4.6,23.4,14.2,14.7,1.0,2.1,7.9,30.0,,13.5,4.3,17.7,.275,,7.8,0.4,8.1,7.9
302,Jermaine O'Neal\onealje01,PF,27,IND,51,1802,20.4,.530,.012,.457,6.7,23.2,15.2,14.9,0.8,4.7,13.5,28.9,,1.4,3.5,4.9,.131,,0.6,1.7,2.3,2.0
303,Shaquille O'Neal*\onealsh01,C,33,MIA,59,1806,24.4,.586,.000,.589,11.7,23.1,17.6,12.4,0.7,4.4,14.3,30.0,,3.3,2.9,6.2,.164,,2.4,0.3,2.7,2.1
304,Fabricio Oberto\obertfa01,C,30,SAS,59,490,9.3,.491,.022,.290,14.1,15.5,14.8,8.3,1.0,1.6,21.1,12.9,,0.2,0.9,1.1,.105,,-4.3,1.1,-3.2,-0.2
305,Lamar Odom\odomla01,PF,26,LAL,80,3221,17.0,.558,.232,.338,6.6,20.3,13.5,22.4,1.2,1.5,16.7,18.1,,5.4,3.8,9.2,.137,,2.1,0.6,2.7,3.9
306,Emeka Okafor\okafoem01,PF,23,CHA,26,874,14.9,.464,.000,.396,11.7,23.7,17.3,6.0,1.3,4.4,12.5,21.5,,-0.2,1.1,1.0,.054,,-1.7,-0.4,-2.1,0.0
307,Mehmet Okur\okurme01,PF,26,UTA,82,2945,19.0,.554,.207,.402,8.6,22.2,15.4,12.8,0.7,2.1,10.9,23.5,,6.3,3.0,9.3,.152,,2.4,-0.8,1.6,2.7
308,Kevin Ollie\ollieke01,SG,33,PHI,70,1069,7.8,.491,.017,.282,1.4,9.3,5.4,13.8,1.6,0.2,12.9,9.6,,0.5,0.5,1.1,.048,,-3.8,0.1,-3.7,-0.5
309,Michael Olowokandi\olowomi01,C,30,TOT,48,919,8.3,.456,.000,.196,6.7,21.7,14.4,4.1,1.3,2.7,17.4,16.2,,-1.1,1.4,0.3,.014,,-5.3,0.3,-5.0,-0.7
309,Michael Olowokandi\olowomi01,C,30,MIN,32,752,8.6,.455,.000,.200,7.4,20.8,14.3,3.7,1.4,2.7,16.2,16.0,,-0.8,1.2,0.4,.023,,-5.2,0.4,-4.9,-0.5
309,Michael Olowokandi\olowomi01,C,30,BOS,16,167,6.8,.464,.000,.178,3.7,25.6,15.0,5.8,0.9,2.7,22.4,17.2,,-0.3,0.2,-0.1,-0.028,,-5.7,0.2,-5.5,-0.2
310,Greg Ostertag\ostergr01,C,32,UTA,60,807,11.6,.503,.000,.387,12.2,21.7,16.9,11.7,0.4,6.8,24.1,11.0,,0.2,1.1,1.3,.076,,-3.3,2.0,-1.4,0.1
311,Bo Outlaw\outlabo01,PF,34,ORL,32,355,11.8,.610,.000,.138,11.1,15.6,13.4,6.2,1.5,2.7,21.7,10.5,,0.4,0.4,0.7,.101,,-1.5,1.1,-0.4,0.2
312,Travis Outlaw\outlatr01,PF,21,POR,69,1153,12.9,.491,.144,.242,4.9,14.9,9.9,5.2,1.5,3.0,8.3,18.3,,0.4,0.5,0.9,.039,,-1.8,-0.7,-2.5,-0.1
313,Andre Owens\owensan01,PG,25,UTA,23,210,5.2,.421,.216,.243,6.3,5.8,6.1,6.8,1.3,0.0,13.7,20.9,,-0.3,0.1,-0.2,-0.047,,-6.0,-2.3,-8.3,-0.3
314,Zaza Pachulia\pachuza01,C,21,ATL,78,2452,15.0,.530,.003,.593,12.6,17.6,15.0,8.5,1.9,1.2,17.3,19.2,,2.5,1.4,3.9,.077,,-0.8,-1.3,-2.1,-0.1
315,Scott Padgett\padgesc01,PF,29,NJN,62,718,12.5,.489,.602,.169,9.0,18.1,13.5,9.5,2.1,1.4,8.9,15.5,,0.6,1.3,1.8,.123,,-0.9,0.8,-0.2,0.3
316,Milt Palacio\palacmi01,PG,27,UTA,71,1376,9.9,.470,.040,.372,1.5,10.4,5.9,24.4,1.9,0.8,19.0,19.5,,-0.9,1.1,0.2,.008,,-3.4,-0.4,-3.7,-0.6
317,Jannero Pargo\pargoja01,PG,26,CHI,57,646,9.9,.455,.353,.072,1.4,9.4,5.4,24.8,1.9,0.2,16.8,25.3,,-0.9,0.8,-0.1,-0.008,,-2.2,-0.2,-2.4,-0.1
318,Smush Parker\parkesm01,PG,24,LAL,82,2773,13.4,.548,.421,.231,1.6,9.9,5.7,17.3,2.7,0.4,14.6,16.5,,2.8,3.0,5.8,.100,,-0.8,0.8,0.1,1.5
319,Tony Parker\parketo01,PG,23,SAS,80,2715,20.8,.584,.032,.315,1.7,9.5,5.7,32.2,1.7,0.1,16.1,27.1,,5.5,4.1,9.6,.169,,2.4,0.4,2.8,3.3
320,Ruben Patterson\patteru01,SF-SG,30,TOT,71,1792,16.4,.547,.020,.532,7.8,8.4,8.1,12.7,2.3,0.9,16.1,24.1,,1.1,1.0,2.1,.055,,0.2,-0.8,-0.5,0.7
320,Ruben Patterson\patteru01,SF,30,POR,45,1056,17.0,.537,.018,.596,8.2,9.4,8.8,10.7,2.2,0.9,14.6,25.1,,0.7,0.3,1.0,.044,,0.8,-1.3,-0.5,0.4
320,Ruben Patterson\patteru01,SG,30,DEN,26,736,15.4,.563,.023,.438,7.2,7.1,7.1,15.6,2.4,0.9,18.2,22.7,,0.4,0.7,1.1,.071,,-0.6,0.0,-0.7,0.2
321,Chris Paul\paulch01,PG,20,NOK,78,2808,22.1,.546,.187,.491,2.5,14.8,8.5,38.2,3.4,0.2,13.7,22.2,,6.8,3.6,10.4,.178,,3.0,2.2,5.2,5.1
322,Sasha Pavlović\pavloal01,SG,22,CLE,53,813,6.9,.516,.453,.231,2.3,9.4,5.8,4.9,1.2,0.6,15.2,15.7,,-0.1,0.6,0.5,.030,,-3.5,-0.1,-3.6,-0.3
323,Gary Payton*\paytoga01,PG,37,MIA,81,2305,10.7,.520,.420,.230,1.8,9.7,5.9,16.7,1.6,0.3,14.5,14.1,,1.8,2.3,4.1,.085,,-1.4,0.5,-0.9,0.6
324,Kendrick Perkins\perkike01,C,21,BOS,68,1332,13.2,.548,.008,.489,13.1,23.6,18.5,8.1,0.8,6.0,24.9,14.8,,0.3,2.0,2.3,.082,,-2.8,1.3,-1.5,0.2
325,Morris Peterson\petermo01,SG,28,TOR,82,3140,15.3,.561,.409,.268,2.4,12.8,7.4,10.0,1.7,0.4,9.3,19.9,,5.2,0.6,5.9,.090,,1.4,-1.0,0.4,1.9
326,Johan Petro\petrojo01,C,20,SEA,68,1282,10.4,.530,.000,.250,10.1,17.9,13.9,1.8,1.0,3.1,15.3,13.7,,0.7,0.2,1.0,.037,,-3.2,-1.5,-4.7,-0.9
327,Eric Piatkowski\piatker01,SG,35,CHI,29,228,6.2,.467,.541,.082,2.0,9.5,5.8,8.8,1.4,0.3,14.8,14.7,,-0.2,0.2,0.1,.018,,-3.8,0.5,-3.4,-0.1
328,Paul Pierce*\piercpa01,SF,28,BOS,79,3084,23.6,.582,.215,.555,3.1,17.5,10.5,23.4,1.8,0.8,13.0,31.2,,8.3,3.2,11.5,.178,,5.0,-0.2,4.8,5.3
329,Mickaël Piétrus\pietrmi01,SF,23,GSW,52,1179,10.0,.500,.421,.342,5.4,10.2,7.7,6.2,1.4,0.6,14.0,21.1,,-0.3,0.9,0.6,.024,,-2.3,-0.9,-3.2,-0.4
330,Zoran Planinić\planizo01,PG,23,NJN,56,596,6.9,.450,.306,.361,2.7,12.0,7.3,15.0,1.8,0.5,16.9,20.2,,-0.8,0.8,0.1,.005,,-6.1,0.4,-5.7,-0.6
331,Pavel Podkolzin\podkopa01,C,21,DAL,1,18,2.3,.323,.000,3.000,0.0,45.9,23.4,0.0,0.0,4.2,30.1,17.2,,-0.1,0.0,-0.1,-0.135,,-8.3,-0.9,-9.3,0.0
332,Scot Pollard\pollasc01,C,30,IND,45,771,12.3,.495,.000,.247,11.3,21.0,16.3,5.1,2.6,1.9,13.2,11.9,,0.6,1.6,2.1,.134,,-2.6,2.1,-0.5,0.3
333,James Posey\poseyja01,SF,29,MIA,67,1914,9.8,.572,.734,.154,2.1,16.9,9.8,6.8,1.5,0.8,12.1,11.6,,1.8,2.4,4.2,.104,,-0.8,1.0,0.1,1.0
334,Vitaly Potapenko\potapvi01,C,30,TOT,33,353,7.4,.535,.000,.239,9.1,12.8,10.9,3.9,0.3,0.4,16.9,12.0,,0.2,-0.1,0.1,.012,,-3.7,-3.0,-6.7,-0.4
334,Vitaly Potapenko\potapvi01,C,30,SEA,24,321,7.4,.518,.000,.266,9.6,13.7,11.7,3.2,0.3,0.5,16.4,11.9,,0.2,-0.1,0.0,.006,,-3.6,-3.2,-6.8,-0.4
334,Vitaly Potapenko\potapvi01,C,30,SAC,9,32,8.2,.714,.000,.000,3.7,3.6,3.7,10.6,0.0,0.0,22.2,12.9,,0.0,0.0,0.0,.068,,-4.8,-1.3,-6.1,0.0
335,Josh Powell\poweljo01,PF,23,DAL,37,429,9.2,.546,.000,.556,8.0,14.6,11.4,3.2,0.9,0.7,17.9,13.4,,0.3,0.4,0.7,.079,,-2.7,-0.9,-3.6,-0.2
336,Ronnie Price\pricero01,PG,22,SAC,29,150,10.5,.474,.466,.207,3.9,7.7,5.8,12.1,2.1,0.0,13.6,22.4,,-0.1,0.1,0.1,.021,,-2.5,-0.7,-3.2,0.0
337,Tayshaun Prince\princta01,SF,25,DET,82,2898,14.8,.524,.183,.238,4.2,10.0,7.1,10.8,1.2,1.0,7.6,19.6,,4.0,3.0,7.0,.115,,0.5,-0.2,0.3,1.7
338,Laron Profit\profila01,SG,28,LAL,25,279,11.8,.550,.214,.286,3.4,14.7,9.1,8.8,2.1,1.4,20.2,19.4,,0.0,0.3,0.3,.050,,-2.2,0.4,-1.8,0.0
339,Joel Przybilla\przybjo01,C,26,POR,56,1395,15.3,.561,.000,.644,12.4,21.4,16.9,5.0,0.8,7.1,19.9,13.0,,1.0,1.2,2.3,.078,,-1.4,0.8,-0.6,0.5
340,Vladimir Radmanović\radmavl01,PF,25,TOT,77,1974,13.6,.545,.551,.177,3.9,17.4,10.8,10.9,1.6,1.1,11.8,18.1,,2.3,1.4,3.8,.091,,1.0,-0.5,0.5,1.2
340,Vladimir Radmanović\radmavl01,PF,25,SEA,47,1089,13.1,.529,.510,.161,4.3,16.7,10.4,10.4,1.5,1.1,11.4,19.1,,1.3,0.1,1.4,.062,,0.6,-1.7,-1.1,0.2
340,Vladimir Radmanović\radmavl01,PF,25,LAC,30,885,14.2,.568,.610,.201,3.4,18.3,11.2,11.4,1.7,1.2,12.4,16.8,,1.0,1.3,2.3,.127,,1.4,1.0,2.5,1.0
341,Shavlik Randolph\randosh01,PF,22,PHI,57,487,12.6,.511,.000,.732,13.2,18.8,16.0,5.9,2.0,1.9,14.1,14.0,,0.5,0.5,1.1,.105,,-2.5,-0.4,-2.9,-0.1
342,Zach Randolph\randoza01,PF,24,POR,74,2545,16.9,.483,.045,.279,9.0,19.1,14.0,11.4,1.2,0.4,10.7,28.8,,0.4,0.9,1.3,.024,,0.5,-2.6,-2.0,0.0
343,Theo Ratliff\ratlith01,C,32,POR,55,1301,12.2,.599,.000,.439,8.1,17.8,12.9,3.4,0.8,5.2,17.2,9.9,,1.3,0.7,2.0,.074,,-2.2,0.6,-1.6,0.1
344,Željko Rebrača\rebraze01,C,33,LAC,29,412,10.7,.592,.000,.427,3.8,13.8,9.0,3.5,0.6,3.5,17.4,15.5,,0.2,0.5,0.7,.086,,-3.7,0.9,-2.8,-0.1
345,Michael Redd\reddmi01,SG,26,MIL,80,3130,21.2,.574,.272,.377,2.9,10.2,6.5,13.8,1.6,0.1,8.8,28.3,,8.8,2.0,10.8,.166,,4.7,-0.9,3.8,4.6
346,Justin Reed\reedju01,SF,24,TOT,72,997,7.9,.467,.003,.407,6.6,8.4,7.5,6.8,1.2,1.1,13.0,18.9,,-0.4,0.8,0.4,.021,,-4.8,-1.0,-5.8,-0.9
346,Justin Reed\reedju01,SF,24,BOS,32,291,3.3,.409,.000,.541,5.6,6.5,6.1,3.7,0.9,1.1,14.1,16.8,,-0.4,0.1,-0.3,-0.045,,-6.6,-2.1,-8.7,-0.5
346,Justin Reed\reedju01,SF,24,MIN,40,706,9.8,.488,.005,.362,7.0,9.1,8.1,8.1,1.4,1.2,12.6,19.7,,0.0,0.7,0.7,.048,,-4.0,-0.5,-4.6,-0.5
347,Jason Richardson\richaja01,SG,25,GSW,75,2877,19.2,.538,.332,.285,4.0,13.2,8.5,15.6,1.7,1.0,9.4,27.6,,4.5,2.8,7.3,.122,,3.4,-0.3,3.1,3.7
348,Quentin Richardson\richaqu01,SF,25,NYK,55,1442,9.6,.452,.410,.198,5.4,14.1,9.7,10.3,1.4,0.3,10.1,17.4,,0.2,0.5,0.7,.023,,-0.8,-1.1,-1.9,0.0
349,Luke Ridnour\ridnolu01,PG,24,SEA,79,2625,16.0,.506,.186,.284,2.1,8.8,5.4,32.3,2.5,0.6,15.3,18.1,,4.4,0.0,4.4,.081,,1.1,-1.3,-0.2,1.2
350,Anthony Roberson\roberan02,PG,22,MEM,16,88,11.7,.549,.323,.065,0.0,8.2,4.1,10.7,0.6,0.0,8.6,19.3,,0.1,0.1,0.2,.088,,-1.7,-0.7,-2.3,0.0
351,Lawrence Roberts\roberla01,C,23,MEM,33,181,13.8,.471,.045,.523,17.6,15.3,16.4,4.8,2.5,0.9,8.5,15.9,,0.2,0.3,0.5,.144,,-2.8,-0.1,-3.0,-0.1
352,Bernard Robinson\robinbe01,SF,25,CHA,66,1303,12.0,.498,.058,.367,5.2,14.9,9.7,9.5,3.2,0.6,14.9,17.0,,0.1,1.6,1.7,.061,,-2.9,1.1,-1.8,0.1
353,Clifford Robinson\robincl02,PF,39,NJN,80,1863,9.6,.502,.341,.154,3.4,13.5,8.4,8.2,1.3,1.7,10.2,15.4,,0.2,2.7,2.8,.073,,-2.7,0.7,-1.9,0.1
354,Nate Robinson\robinna01,PG,21,NYK,72,1544,12.6,.512,.258,.358,4.4,8.8,6.6,17.0,2.0,0.1,14.8,22.5,,1.0,0.5,1.5,.046,,-1.0,-1.1,-2.1,-0.1
355,Jalen Rose\roseja01,SF-SG,33,TOT,72,1983,13.9,.538,.251,.464,1.7,11.6,6.5,15.5,0.8,0.5,12.2,21.8,,2.5,0.0,2.5,.060,,0.5,-2.0,-1.5,0.2
355,Jalen Rose\roseja01,SF,33,TOR,46,1236,13.5,.514,.258,.487,1.4,11.8,6.4,15.0,0.9,0.6,10.7,22.7,,1.2,0.0,1.2,.045,,-0.3,-2.1,-2.5,-0.1
355,Jalen Rose\roseja01,SG,33,NYK,26,747,14.5,.582,.238,.423,2.1,11.4,6.7,16.2,0.7,0.3,15.0,20.2,,1.3,0.0,1.3,.085,,1.8,-1.8,0.0,0.4
356,Malik Rose\rosema01,PF,31,NYK,72,1119,10.2,.466,.004,.488,9.0,19.2,14.1,9.7,2.0,1.0,19.0,17.1,,-0.3,0.8,0.5,.021,,-2.6,-0.2,-2.8,-0.2
357,Quinton Ross\rossqu01,SF,24,LAC,67,1515,7.4,.465,.023,.244,3.0,9.7,6.5,7.8,1.8,0.8,12.1,11.8,,-0.2,1.7,1.6,.050,,-4.0,1.5,-2.5,-0.2
358,Michael Ruffin\ruffimi01,C,29,WAS,76,1010,8.1,.479,.026,.961,13.6,17.7,15.6,3.7,1.7,2.4,25.8,6.5,,0.6,1.1,1.7,.081,,-3.4,0.7,-2.7,-0.2
359,Kareem Rush\rushka01,SG,25,CHA,47,1111,9.8,.471,.350,.164,1.8,9.5,5.4,7.7,1.8,0.9,11.4,22.7,,-1.0,0.7,-0.2,-0.010,,-2.3,-1.1,-3.4,-0.4
360,Bryon Russell\russebr01,SF,35,DEN,1,3,16.4,,,,0.0,38.5,19.5,43.2,0.0,0.0,,0.0,,0.0,0.0,0.0,.194,,3.2,5.1,8.2,0.0
361,John Salmons\salmojo01,SG,26,PHI,82,2059,10.7,.508,.167,.384,2.7,9.8,6.3,16.7,1.8,0.5,17.0,16.3,,0.5,1.2,1.7,.040,,-2.3,-0.3,-2.7,-0.3
362,Jamal Sampson\sampsja01,PF,22,SAC,12,39,24.4,.635,.000,.286,15.2,38.6,27.0,20.8,0.0,7.5,0.0,9.3,,0.2,0.1,0.2,.293,,4.8,5.0,9.8,0.1
363,Melvin Sanders\sandeme01,SG,25,SAS,16,113,10.5,.548,.091,.303,4.3,19.4,12.0,4.3,2.4,0.0,17.6,19.2,,0.0,0.2,0.2,.093,,-5.5,1.6,-3.9,-0.1
364,Brian Scalabrine\scalabr01,PF,27,BOS,71,938,5.9,.491,.451,.187,3.6,11.0,7.4,8.2,1.2,1.5,19.3,12.7,,-0.4,0.7,0.3,.015,,-3.5,-0.1,-3.6,-0.4
365,Alex Scales\scaleal01,SG,27,SAS,1,0,,,,,,,,,,,,,,0.0,0.0,0.0,,,-5.0,-0.7,-5.7,0.0
366,Luke Schenscher\schenlu01,C,23,CHI,20,149,9.3,.567,.000,.500,6.2,16.1,11.2,7.3,0.3,1.6,13.6,11.1,,0.1,0.2,0.3,.095,,-3.0,1.3,-1.7,0.0
367,Ha Seung-Jin\seungha01,C,20,POR,27,212,6.9,.572,.000,.548,7.8,20.2,13.9,0.8,0.8,2.9,26.7,11.7,,-0.1,0.1,0.0,.003,,-6.5,-0.7,-7.1,-0.3
368,Wayne Simien\simiewa01,PF,22,MIA,43,414,11.5,.541,.000,.283,11.3,13.6,12.5,2.7,1.6,0.2,15.1,17.7,,0.4,0.5,0.8,.096,,-3.6,-0.7,-4.3,-0.2
369,Bobby Simmons\simmobo01,SF,25,MIL,75,2538,13.8,.559,.309,.248,4.2,11.5,7.8,11.2,1.8,0.7,12.1,18.3,,3.3,2.0,5.3,.101,,0.2,0.1,0.3,1.5
370,James Singleton\singlja01,SF,24,LAC,59,753,13.6,.587,.132,.331,10.2,19.8,15.2,5.9,1.3,2.1,13.9,12.3,,1.2,1.1,2.3,.147,,-0.7,1.0,0.4,0.4
371,Brian Skinner\skinnbr01,PF-C,29,TOT,65,944,10.5,.517,.000,.350,9.5,19.2,14.3,5.0,1.4,3.4,19.6,11.4,,0.1,1.0,1.1,.057,,-3.1,0.4,-2.7,-0.2
371,Brian Skinner\skinnbr01,PF,29,SAC,38,429,10.8,.544,.000,.391,8.3,19.2,13.8,6.0,1.3,3.4,18.2,10.6,,0.2,0.6,0.8,.094,,-2.5,1.5,-1.0,0.1
371,Brian Skinner\skinnbr01,C,29,POR,27,515,10.3,.496,.000,.319,10.6,19.2,14.8,4.1,1.5,3.4,20.6,12.0,,-0.1,0.4,0.3,.026,,-3.7,-0.4,-4.1,-0.3
372,Charles Smith\smithch04,SG,30,TOT,22,210,12.0,.530,.528,.111,1.7,7.6,4.6,7.6,1.3,2.2,5.0,17.9,,0.2,0.0,0.3,.060,,-0.6,-1.1,-1.7,0.0
372,Charles Smith\smithch04,SG,30,POR,21,208,12.4,.537,.521,.113,1.7,7.6,4.6,7.7,1.3,2.2,5.1,17.9,,0.3,0.0,0.3,.066,,-0.4,-1.0,-1.4,0.0
372,Charles Smith\smithch04,SG,30,DEN,1,2,-28.1,.000,1.000,.000,0.0,0.0,0.0,0.0,0.0,0.0,0.0,22.4,,0.0,0.0,0.0,-0.511,,-24.5,-8.1,-32.6,0.0
373,Donta Smith\smithdo04,SG,22,ATL,23,127,12.7,.589,.148,.444,2.8,10.7,6.6,11.4,3.3,0.0,11.0,13.0,,0.2,0.1,0.3,.104,,-3.1,1.2,-1.9,0.0
374,J.R. Smith\smithjr01,SG,20,NOK,55,989,12.7,.515,.383,.276,2.2,11.3,6.6,10.3,2.0,0.3,11.6,21.9,,0.4,0.8,1.2,.060,,-0.8,-0.2,-1.0,0.3
375,Joe Smith\smithjo02,PF,30,MIL,44,887,16.1,.533,.007,.377,10.9,20.1,15.4,6.0,1.4,1.2,10.1,20.4,,1.4,0.9,2.3,.123,,-1.0,-1.0,-2.0,0.0
376,Josh Smith\smithjo03,SF,20,ATL,80,2559,15.5,.500,.142,.377,8.0,17.2,12.5,12.2,1.3,6.2,15.2,18.9,,1.5,2.1,3.6,.067,,-0.5,0.8,0.3,1.4
377,Eric Snow\snower01,PG,32,CLE,82,2351,8.1,.444,.025,.233,1.9,8.1,5.0,22.2,1.7,0.6,20.9,10.9,,0.0,2.0,2.1,.042,,-3.6,0.6,-3.0,-0.6
378,Kirk Snyder\snydeki01,SG,22,NOK,68,1310,14.6,.537,.285,.258,4.9,9.9,7.3,13.9,1.2,1.4,12.2,20.5,,1.4,0.9,2.2,.082,,1.1,-0.5,0.6,0.9
379,Darius Songaila\songada01,PF,27,CHI,62,1329,13.6,.524,.010,.234,6.6,14.6,10.6,11.5,1.4,0.9,13.6,21.3,,0.7,1.8,2.5,.090,,-1.5,0.4,-1.1,0.3
380,Pape Sow\sowpa01,C,24,TOR,42,590,9.5,.496,.000,.463,10.7,19.9,15.1,2.0,1.9,2.5,16.8,14.0,,0.2,0.4,0.6,.045,,-4.9,-0.9,-5.8,-0.6
381,Jerry Stackhouse\stackje01,SG,31,DAL,55,1525,14.5,.511,.216,.367,2.6,9.4,6.0,18.0,1.3,0.5,14.7,25.2,,1.2,1.2,2.4,.076,,0.1,-1.5,-1.5,0.2
382,DeShawn Stevenson\stevede01,SG,24,ORL,82,2648,10.9,.507,.019,.310,2.8,8.3,5.6,10.1,1.2,0.5,12.2,18.1,,1.2,1.3,2.4,.044,,-1.8,-0.8,-2.5,-0.3
383,Peja Stojaković\stojape01,SF,28,TOT,71,2601,16.7,.570,.397,.255,3.6,14.6,9.3,9.4,0.9,0.3,8.3,22.0,,5.2,2.8,8.0,.147,,2.4,-0.8,1.6,2.3
383,Peja Stojaković\stojape01,SF,28,SAC,31,1147,13.6,.543,.422,.248,3.5,13.2,8.4,10.0,0.9,0.1,9.8,20.8,,1.4,0.9,2.4,.099,,0.9,-1.5,-0.6,0.4
383,Peja Stojaković\stojape01,SF,28,IND,40,1454,19.1,.588,.379,.261,3.7,15.8,9.9,9.0,1.0,0.4,7.3,22.9,,3.8,1.8,5.6,.184,,3.5,-0.2,3.3,1.9
384,Awvee Storey\storeaw01,SF,28,WAS,25,116,9.2,.456,.171,.341,7.8,14.5,11.0,5.6,1.3,0.7,9.6,20.0,,0.0,0.1,0.1,.039,,-4.6,-1.6,-6.2,-0.1
385,Damon Stoudamire\stoudda01,PG,32,MEM,27,862,13.7,.504,.362,.216,3.3,10.0,6.7,26.6,1.2,0.1,14.9,20.8,,0.7,1.0,1.7,.093,,0.4,-0.5,-0.1,0.4
386,Salim Stoudamire\stoudsa01,SG,23,ATL,61,1236,12.5,.545,.439,.224,1.1,10.4,5.6,10.5,1.2,0.2,13.2,22.9,,1.1,0.0,1.2,.046,,-0.3,-2.3,-2.5,-0.2
387,Amar'e Stoudemire\stoudam01,C,23,PHO,3,50,17.8,.420,.037,.333,13.6,21.7,17.8,5.9,1.0,4.2,3.1,28.7,,0.0,0.1,0.1,.085,,-2.0,-2.4,-4.4,0.0
388,Mike Sweetney\sweetmi01,C,23,CHI,66,1222,13.9,.499,.000,.459,11.2,21.7,16.5,8.2,0.8,3.6,15.1,23.2,,0.1,2.1,2.1,.084,,-3.3,0.5,-2.8,-0.3
389,Robert Swift\swiftro01,C,20,SEA,47,987,12.7,.536,.000,.378,11.3,21.1,16.2,1.2,0.8,4.4,14.8,15.0,,0.7,0.3,1.1,.052,,-2.4,-1.5,-3.9,-0.5
390,Stromile Swift\swiftst01,C,26,HOU,66,1344,14.6,.533,.004,.456,9.1,16.1,12.7,3.6,1.5,3.0,14.2,22.7,,0.4,2.1,2.5,.091,,-2.8,0.1,-2.7,-0.2
391,Wally Szczerbiak\szczewa02,SF,28,TOT,72,2729,17.7,.595,.252,.306,3.5,10.2,6.9,14.1,0.8,0.5,10.6,22.1,,6.3,1.7,8.0,.141,,2.8,-1.2,1.6,2.5
391,Wally Szczerbiak\szczewa02,SF,28,MIN,40,1555,18.1,.601,.242,.308,2.9,11.6,7.3,13.4,0.7,0.7,11.4,23.1,,3.3,1.2,4.6,.141,,2.8,-0.9,1.9,1.5
391,Wally Szczerbiak\szczewa02,SF,28,BOS,32,1174,17.2,.586,.265,.303,4.4,8.3,6.4,15.1,0.8,0.3,9.5,20.7,,2.9,0.5,3.4,.140,,2.9,-1.7,1.2,0.9
392,Chris Taft\taftch01,C,20,GSW,17,144,15.6,.578,.000,.158,14.4,13.5,13.9,2.4,0.7,3.6,4.7,13.2,,0.3,0.1,0.5,.155,,-0.8,0.2,-0.7,0.0
393,Donell Taylor\taylodo01,SG,23,WAS,51,465,10.1,.452,.125,.316,3.9,9.5,6.6,15.2,3.4,0.7,18.0,18.1,,-0.3,0.5,0.2,.017,,-3.5,1.1,-2.4,0.0
394,Maurice Taylor\tayloma01,PF,29,NYK,67,1210,8.5,.496,.003,.213,6.5,16.7,11.5,7.9,0.9,0.9,19.5,19.8,,-1.0,0.4,-0.5,-0.021,,-4.1,-1.5,-5.7,-1.1
395,Sebastian Telfair\telfase01,PG,20,POR,68,1641,13.0,.491,.280,.303,1.4,7.5,4.4,26.5,2.2,0.3,14.9,22.2,,0.4,0.2,0.6,.017,,-1.2,-1.6,-2.8,-0.3
396,Jason Terry\terryja01,PG,28,DAL,80,2798,18.4,.575,.379,.191,1.4,5.4,3.4,19.6,2.0,0.7,10.2,22.2,,7.4,2.3,9.6,.165,,3.6,-0.2,3.3,3.7
397,Billy Thomas\thomabi01,SG,30,WAS,17,131,9.8,.465,.750,.050,4.3,8.2,6.2,10.6,4.0,0.6,12.8,16.0,,0.0,0.2,0.2,.063,,-2.5,2.2,-0.2,0.1
398,Etan Thomas\thomaet01,C,27,WAS,71,1121,13.6,.560,.000,.508,10.0,19.3,14.5,2.0,0.9,4.7,14.5,14.0,,1.2,1.3,2.5,.107,,-1.8,0.0,-1.7,0.1
399,James Thomas\thomaja02,PF,25,TOT,22,150,5.4,.556,.000,.737,9.3,21.0,15.2,1.0,0.0,1.5,21.8,9.8,,0.0,0.1,0.2,.052,,-6.1,-1.0,-7.1,-0.2
399,James Thomas\thomaja02,PF,25,PHI,15,124,4.1,.574,.000,1.077,7.5,21.7,14.6,1.2,0.0,1.8,26.8,9.6,,0.0,0.1,0.1,.033,,-7.3,-0.8,-8.1,-0.2
399,James Thomas\thomaja02,PF,25,CHI,7,26,11.7,.500,.000,.000,17.8,17.6,17.7,0.0,0.0,0.0,0.0,10.4,,0.0,0.0,0.1,.140,,-0.6,-1.7,-2.3,0.0
400,John Thomas\thomajo02,C,30,TOT,16,127,3.4,.447,.000,.267,9.1,9.6,9.3,2.4,1.3,1.3,32.3,9.1,,-0.1,0.1,0.0,-0.017,,-6.5,-2.0,-8.5,-0.2
400,John Thomas\thomajo02,C,30,MEM,3,25,3.8,1.000,.000,.000,0.0,0.0,0.0,6.5,0.0,3.2,50.0,7.8,,0.0,0.0,0.0,.012,,-5.6,0.1,-5.6,0.0
400,John Thomas\thomajo02,C,30,ATL,11,66,3.1,.514,.000,.571,5.3,13.1,9.1,2.2,1.6,0.0,31.3,8.8,,0.0,0.0,0.0,-0.023,,-5.3,-1.2,-6.5,-0.1
400,John Thomas\thomajo02,C,30,NJN,2,36,3.5,.167,.000,.000,22.5,9.9,16.3,0.0,1.5,2.2,25.0,10.5,,-0.1,0.1,0.0,-0.027,,-9.2,-4.9,-14.1,-0.1
401,Kenny Thomas\thomake01,PF,28,SAC,82,2293,15.0,.539,.002,.338,10.3,21.2,15.8,12.0,1.6,1.2,16.3,16.6,,2.2,3.3,5.5,.115,,-0.7,0.6,0.0,1.1
402,Kurt Thomas\thomaku01,C,33,PHO,53,1411,13.1,.527,.000,.235,8.2,24.1,16.3,5.6,0.8,2.7,11.7,15.5,,1.3,2.0,3.3,.112,,-2.6,0.8,-1.8,0.1
403,Tim Thomas\thomati01,PF-SF,28,TOT,29,666,12.2,.535,.424,.160,3.8,17.8,10.9,4.4,1.2,0.7,10.5,21.1,,0.2,0.7,0.9,.065,,-1.7,-1.4,-3.1,-0.2
403,Tim Thomas\thomati01,SF,28,CHI,3,32,8.5,.406,.375,.000,0.0,14.3,7.2,11.0,0.0,2.4,5.9,24.0,,-0.1,0.0,0.0,-0.031,,-1.5,-0.6,-2.1,0.0
403,Tim Thomas\thomati01,PF,28,PHO,26,634,12.4,.543,.427,.171,3.9,18.0,11.1,4.1,1.3,0.7,10.8,21.0,,0.2,0.7,0.9,.069,,-1.7,-1.5,-3.2,-0.2
404,Dijon Thompson\thompdi01,SG,22,PHO,10,43,22.0,.541,.440,.080,10.6,17.7,14.2,3.9,3.5,1.6,7.2,29.1,,0.1,0.1,0.1,.146,,1.7,1.2,2.9,0.1
405,Jamaal Tinsley\tinslja01,PG,27,IND,42,1122,12.1,.458,.181,.236,3.7,9.8,6.8,33.3,2.3,0.4,20.4,22.2,,-0.8,1.5,0.7,.031,,-1.8,0.3,-1.6,0.1
406,Jake Tsakalidis\tsakaja01,C,26,MEM,51,732,17.3,.632,.000,.527,13.1,22.0,17.6,3.2,1.1,3.5,16.1,16.1,,1.5,1.4,2.8,.186,,-0.9,0.4,-0.5,0.3
407,Nikoloz Tskitishvili\tskitni01,SF-PF,22,TOT,17,99,8.3,.417,.081,.378,10.3,14.4,12.4,4.2,0.5,1.4,12.2,22.4,,-0.1,0.1,0.0,-0.023,,-4.8,-2.7,-7.5,-0.1
407,Nikoloz Tskitishvili\tskitni01,PF,22,MIN,5,13,-6.7,.307,.000,.500,0.0,18.0,9.2,0.0,0.0,0.0,29.1,25.1,,-0.1,0.0,-0.1,-0.331,,-13.1,-5.5,-18.6,-0.1
407,Nikoloz Tskitishvili\tskitni01,SF,22,PHO,12,86,10.6,.431,.091,.364,11.9,13.9,12.9,4.8,0.6,1.6,9.5,22.0,,0.0,0.1,0.0,.024,,-3.5,-2.3,-5.8,-0.1
408,Ronny Turiaf\turiaro01,C,23,LAL,23,161,12.2,.537,.000,.900,8.1,19.0,13.5,7.5,1.0,4.7,14.3,13.8,,0.2,0.2,0.4,.115,,-3.8,1.1,-2.7,0.0
409,Hedo Türkoğlu\turkohe01,SF,26,ORL,78,2615,16.7,.578,.323,.338,3.4,12.1,7.9,14.3,1.5,0.6,11.4,20.6,,5.8,1.9,7.6,.140,,2.1,-0.2,2.0,2.5
410,Ime Udoka\udokaim01,SF,28,NYK,8,114,6.1,.413,.125,.250,3.2,15.1,9.1,8.4,0.5,0.0,7.0,11.4,,0.0,0.0,0.0,.001,,-3.3,-2.2,-5.4,-0.1
411,Beno Udrih\udrihbe01,PG,23,SAS,54,586,15.3,.539,.300,.215,3.7,6.7,5.2,27.3,1.3,0.2,17.2,25.1,,0.5,0.8,1.3,.109,,0.2,-1.2,-1.0,0.1
412,Nick Van Exel\vanexni01,PG,34,SAS,65,986,11.0,.492,.449,.120,0.7,9.9,5.5,20.2,0.9,0.2,13.6,20.2,,0.1,1.3,1.4,.070,,-0.9,-0.2,-1.1,0.2
413,Keith Van Horn\vanhoke01,SF,30,DAL,53,1090,13.8,.540,.351,.292,6.1,15.0,10.6,5.7,1.6,0.8,14.0,21.8,,1.1,1.2,2.3,.101,,-0.3,-0.9,-1.2,0.2
414,Anderson Varejão\varejan01,C,23,CLE,48,760,14.8,.541,.007,.793,11.9,24.8,18.3,4.0,2.2,1.9,11.8,14.0,,1.1,1.3,2.3,.146,,-1.5,0.7,-0.8,0.2
415,Jacque Vaughn\vaughja01,SG,30,NJN,80,1234,7.5,.488,.024,.331,1.5,7.2,4.3,16.2,1.8,0.1,15.6,12.7,,0.0,1.5,1.5,.060,,-5.3,1.1,-4.1,-0.7
416,Charlie Villanueva\villach01,PF,21,TOR,81,2361,16.4,.521,.228,.170,9.0,18.4,13.5,6.5,1.3,2.1,8.9,21.7,,2.9,1.0,3.9,.079,,0.7,-1.6,-0.9,0.6
417,Jake Voskuhl\voskuja01,C,28,CHA,51,818,11.0,.470,.011,.230,8.3,18.3,13.0,7.9,1.6,2.2,10.3,17.4,,0.2,0.9,1.0,.061,,-4.4,0.0,-4.4,-0.5
418,Jackson Vroman\vromaja01,PF,24,NOK,41,406,5.9,.428,.000,.667,9.4,16.0,12.6,4.2,1.6,2.2,19.7,12.2,,-0.3,0.4,0.1,.014,,-6.2,0.5,-5.7,-0.4
419,Sasha Vujačić\vujacsa01,PG,21,LAL,82,1449,8.4,.479,.551,.167,2.7,10.2,6.5,14.1,1.7,0.2,13.0,12.1,,0.8,1.2,2.0,.066,,-2.6,0.4,-2.2,-0.1
420,Dwyane Wade\wadedw01,SG,24,MIA,75,2892,27.6,.577,.054,.568,4.5,12.6,8.7,33.0,2.6,1.5,13.2,32.5,,10.2,4.2,14.4,.239,,5.9,1.8,7.7,7.1
421,Von Wafer\wafervo01,SG,20,LAL,16,73,-1.6,.241,.447,.211,8.1,4.8,6.4,8.2,2.2,0.0,2.4,26.6,,-0.3,0.1,-0.3,-0.174,,-9.9,-4.1,-14.0,-0.2
422,Antoine Walker\walkean02,PF,29,MIA,82,2199,14.4,.524,.427,.144,5.8,16.3,11.3,12.8,1.1,1.0,13.6,23.2,,1.1,2.5,3.6,.080,,1.1,-0.7,0.4,1.3
423,Samaki Walker\walkesa01,PF,29,IND,7,22,-6.2,.347,.000,1.000,0.0,15.3,7.9,0.0,0.0,3.3,41.0,10.3,,-0.1,0.0,0.0,-0.091,,-13.9,1.7,-12.2,-0.1
424,Ben Wallace*\wallabe01,C,31,DET,82,2890,17.5,.501,.009,.637,12.2,25.9,19.0,8.2,2.8,4.6,12.9,11.2,,3.3,6.9,10.1,.168,,0.4,3.1,3.5,4.0
425,Gerald Wallace\wallage01,SF,23,CHA,55,1895,21.3,.578,.085,.520,7.1,18.9,12.6,8.8,3.7,4.7,12.0,19.3,,3.0,3.4,6.4,.163,,2.0,2.9,4.9,3.2
426,Rasheed Wallace\wallara01,PF,31,DET,80,2780,17.6,.527,.407,.172,3.8,19.8,11.7,11.2,1.6,3.4,6.9,21.1,,4.0,4.9,8.9,.154,,1.8,1.9,3.7,4.0
427,Matt Walsh\walshma01,SG,23,MIA,2,3,-2.4,.532,.000,2.000,0.0,0.0,0.0,0.0,0.0,0.0,34.7,44.3,,0.0,0.0,0.0,-0.642,,-8.8,-6.9,-15.7,0.0
428,Luke Walton\waltolu01,SF,25,LAL,69,1333,11.6,.477,.168,.232,7.8,14.0,10.9,17.9,1.6,0.9,17.7,15.0,,0.6,1.3,2.0,.071,,-1.1,0.0,-1.1,0.3
429,Hakim Warrick\warriha01,PF,23,MEM,68,724,11.0,.499,.000,.504,7.3,16.8,12.1,7.5,1.1,2.3,16.7,22.5,,-0.3,1.1,0.8,.053,,-4.9,-0.1,-5.0,-0.5
430,Earl Watson\watsoea01,PG,26,TOT,70,1578,14.6,.558,.534,.218,1.8,10.1,5.9,29.0,2.2,0.5,19.6,19.7,,1.7,1.0,2.7,.081,,0.9,-0.7,0.2,0.9
430,Earl Watson\watsoea01,PG,26,DEN,46,975,12.8,.563,.610,.209,2.1,8.2,5.2,25.3,1.9,0.5,19.6,17.6,,0.8,0.8,1.6,.080,,0.2,-0.3,-0.1,0.4
430,Earl Watson\watsoea01,PG,26,SEA,24,603,17.3,.552,.441,.229,1.4,13.2,7.2,34.9,2.7,0.4,19.6,23.1,,0.9,0.1,1.1,.084,,2.0,-1.2,0.8,0.4
431,Chris Webber*\webbech01,PF,32,PHI,75,2893,18.4,.482,.054,.245,7.4,22.6,15.0,16.4,1.8,1.6,10.4,27.7,,1.1,3.3,4.4,.074,,0.6,-0.7,-0.1,1.3
432,Martell Webster\webstma02,SF,19,POR,61,1070,11.6,.533,.523,.204,3.2,11.5,7.3,5.5,1.1,1.0,10.2,18.7,,0.8,0.1,0.9,.039,,-0.3,-2.2,-2.5,-0.1
433,Bonzi Wells\wellsbo01,SG,29,SAC,52,1684,16.6,.507,.073,.310,10.0,17.8,13.9,14.8,2.9,1.1,15.3,22.4,,0.7,2.7,3.4,.096,,-0.4,0.8,0.4,1.0
434,Jiří Welsch\welscji01,SF,26,MIL,58,866,9.8,.482,.221,.392,3.0,12.4,7.6,11.0,2.1,0.1,13.6,15.9,,0.1,0.7,0.8,.043,,-2.6,0.4,-2.2,0.0
435,David Wesley\wesleda01,SG,35,HOU,71,2372,9.6,.546,.483,.333,1.2,7.5,4.4,14.6,1.4,0.2,15.7,15.3,,1.4,2.2,3.6,.072,,-2.2,0.2,-2.0,0.0
436,David West\westda01,PF,25,NOK,74,2526,19.7,.554,.011,.228,7.7,18.4,12.9,7.2,1.3,2.1,8.4,23.0,,4.8,2.6,7.4,.141,,1.8,-0.3,1.4,2.2
437,Delonte West\westde01,PG,22,BOS,71,2418,15.1,.574,.319,.148,2.9,11.4,7.3,22.5,1.8,1.5,15.4,16.4,,3.6,2.1,5.7,.114,,1.2,0.7,1.9,2.4
438,Robert Whaley\whalero01,C,23,UTA,23,212,7.6,.411,.000,.105,9.1,15.6,12.3,13.8,1.8,3.1,19.0,16.1,,-0.2,0.3,0.0,.004,,-5.6,0.5,-5.1,-0.2
439,Chris Wilcox\wilcoch01,C-PF,23,TOT,77,1529,17.3,.605,.004,.340,9.3,22.5,15.9,5.7,1.1,1.7,12.2,17.5,,3.2,1.2,4.4,.138,,0.4,-0.5,-0.1,0.7
439,Chris Wilcox\wilcoch01,C,23,LAC,48,657,13.2,.562,.012,.351,8.5,21.5,15.3,4.4,1.2,2.4,14.2,15.9,,0.6,1.0,1.6,.119,,-2.4,1.1,-1.3,0.1
439,Chris Wilcox\wilcoch01,PF,23,SEA,29,872,20.4,.631,.000,.333,9.8,23.2,16.4,6.7,1.1,1.1,11.0,18.7,,2.6,0.2,2.8,.153,,2.5,-1.6,0.8,0.6
440,Damien Wilkins\wilkida02,SF,26,SEA,82,1525,13.1,.529,.129,.372,6.2,9.1,7.6,10.8,2.5,0.6,14.4,17.4,,1.7,0.1,1.7,.054,,-0.8,-0.9,-1.6,0.1
441,Mike Wilks\wilksmi01,PG,26,TOT,47,348,5.8,.398,.211,.456,3.1,10.4,6.7,13.9,2.1,0.2,18.2,17.3,,-0.5,0.2,-0.3,-0.042,,-5.7,-0.1,-5.8,-0.3
441,Mike Wilks\wilksmi01,PG,26,CLE,37,243,2.0,.327,.237,.203,2.9,10.3,6.6,11.2,1.8,0.3,18.9,15.1,,-0.6,0.2,-0.4,-0.075,,-7.6,0.1,-7.5,-0.3
441,Mike Wilks\wilksmi01,PG,26,SEA,10,105,14.6,.503,.161,.935,3.4,10.5,6.9,20.2,3.0,0.0,17.1,22.5,,0.1,0.0,0.1,.035,,-1.3,-0.4,-1.7,0.0
442,Aaron Williams\williaa01,C,34,TOT,48,791,11.6,.551,.000,.330,9.4,18.2,13.6,3.6,1.2,2.2,13.0,13.7,,0.8,0.8,1.6,.096,,-3.2,-0.4,-3.6,-0.3
442,Aaron Williams\williaa01,C,34,TOR,14,99,7.2,.578,.000,.316,5.9,12.9,9.3,1.5,2.1,2.4,18.8,12.4,,0.0,0.1,0.1,.048,,-6.6,0.6,-6.0,-0.1
442,Aaron Williams\williaa01,C,34,NOK,34,692,12.2,.548,.000,.331,9.9,18.9,14.3,3.9,1.0,2.1,12.2,13.8,,0.8,0.7,1.5,.103,,-2.7,-0.6,-3.3,-0.2
443,Alvin Williams\willial02,PG,31,TOR,1,10,-4.7,.129,.667,.667,0.0,38.3,18.3,0.0,0.0,0.0,0.0,17.9,,-0.1,0.0,-0.1,-0.278,,-10.6,-4.5,-15.1,0.0
444,Deron Williams\willide01,PG,21,UTA,80,2307,12.4,.500,.272,.168,1.8,8.4,5.1,28.6,1.4,0.6,14.4,20.3,,1.5,1.3,2.8,.059,,-0.5,-1.2,-1.7,0.2
445,Eric Williams\willier01,SF,33,TOR,28,352,6.8,.496,.240,.507,3.3,14.5,8.7,6.3,1.0,0.4,14.1,14.0,,0.0,0.0,0.1,.011,,-4.3,-1.4,-5.7,-0.3
446,Jason Williams\willija02,PG,30,MIA,59,1874,15.0,.561,.475,.162,0.4,8.0,4.4,24.5,1.5,0.2,13.3,18.5,,3.2,1.6,4.8,.124,,1.7,-0.5,1.1,1.5
447,Lou Williams\willilo02,PG,19,PHI,30,145,9.0,.485,.173,.250,2.4,12.9,7.7,11.6,1.8,0.0,18.4,22.2,,-0.2,0.1,-0.1,-0.036,,-4.9,-1.4,-6.3,-0.2
448,Marvin Williams\willima02,PF,19,ATL,79,1952,12.2,.523,.100,.476,7.3,16.5,11.8,5.2,1.3,0.9,11.4,16.9,,2.1,0.7,2.8,.069,,-1.8,-1.7,-3.5,-0.7
449,Mo Williams\willima01,PG,23,MIL,58,1531,15.0,.518,.304,.180,2.3,8.9,5.5,26.1,1.8,0.4,13.4,23.4,,1.5,1.0,2.5,.079,,0.8,-0.8,0.0,0.8
450,Corliss Williamson\willico02,SF,32,SAC,37,362,8.1,.506,.019,.476,6.9,14.7,10.8,6.2,1.0,0.8,19.4,19.6,,-0.2,0.4,0.2,.021,,-5.1,-0.8,-5.9,-0.4
451,Loren Woods\woodslo01,C,27,TOR,27,324,12.3,.476,.017,.237,15.9,26.0,20.8,1.8,1.5,5.6,19.7,11.6,,0.1,0.3,0.4,.064,,-2.6,0.2,-2.4,0.0
452,Qyntel Woods\woodsqy01,SF,24,NYK,49,1013,12.4,.572,.236,.299,5.2,17.7,11.4,8.0,1.7,1.1,17.5,15.6,,0.7,0.6,1.3,.061,,-0.2,-0.6,-0.8,0.3
453,Metta World Peace\artesro01,SF,26,TOT,56,2207,15.2,.491,.292,.352,4.0,11.0,7.6,15.8,2.9,1.4,11.6,23.6,,0.5,3.2,3.7,.081,,-0.2,1.3,1.1,1.7
453,Metta World Peace\artesro01,SF,26,IND,16,603,18.1,.534,.228,.511,5.1,9.6,7.5,11.1,3.7,1.3,12.9,25.7,,0.4,1.1,1.5,.117,,0.8,2.2,3.0,0.8
453,Metta World Peace\artesro01,SF,26,SAC,40,1604,14.1,.474,.316,.292,3.6,11.5,7.6,17.6,2.6,1.4,11.0,22.8,,0.1,2.1,2.2,.067,,-0.6,1.0,0.4,1.0
454,Antoine Wright\wrighan01,SG,21,NJN,39,370,0.7,.386,.185,.272,2.5,7.1,4.8,5.2,0.6,0.7,18.8,14.2,,-0.8,0.3,-0.5,-0.062,,-7.9,-0.9,-8.8,-0.6
455,Bracey Wright\wrighbr02,SG,21,MIN,7,135,12.1,.534,.333,.314,2.7,13.0,8.0,6.5,0.4,0.0,12.1,23.2,,0.1,0.1,0.2,.054,,-0.5,-2.2,-2.7,0.0
456,Dorell Wright\wrighdo01,SF,20,MIA,20,132,13.2,.574,.140,.395,1.9,25.6,14.3,9.8,1.2,0.6,21.7,22.6,,0.0,0.2,0.2,.064,,-2.6,0.0,-2.6,0.0
457,Lorenzen Wright\wrighlo02,C,30,MEM,78,1689,12.2,.496,.005,.288,10.3,18.0,14.2,4.9,1.7,2.2,12.8,15.1,,0.8,3.0,3.7,.106,,-2.7,0.7,-2.1,0.0
458,Derrick Zimmerman\zimmede01,PG,24,NJN,2,32,5.5,.667,.000,.000,3.6,11.2,7.3,34.2,0.0,0.0,57.1,10.3,,0.0,0.0,0.0,.004,,-7.7,-2.7,-10.4,-0.1