Rk,Player,Pos,Age,Tm,G,GS,MP,FG,FGA,FG%,3P,3PA,3P%,2P,2PA,2P%,eFG%,FT,FTA,FT%,ORB,DRB,TRB,AST,STL,BLK,TOV,PF,PTS
1,Steven Adams\adamsst01,C,26,OKC,63,63,26.7,4.5,7.6,.592,0.0,0.0,.333,4.5,7.5,.594,.593,1.9,3.2,.582,3.3,6.0,9.3,2.3,0.8,1.1,1.5,1.9,10.9
2,Bam Adebayo\adebaba01,PF,22,MIA,72,72,33.6,6.1,11.0,.557,0.0,0.2,.143,6.1,10.8,.564,.558,3.7,5.3,.691,2.4,7.8,10.2,5.1,1.1,1.3,2.8,2.5,15.9
3,LaMarcus Aldridge\aldrila01,C,34,SAS,53,53,33.1,7.4,15.0,.493,1.2,3.0,.389,6.2,12.0,.519,.532,3.0,3.6,.827,1.9,5.5,7.4,2.4,0.7,1.6,1.4,2.4,18.9
4,Kyle Alexander\alexaky01,C,23,MIA,2,0,6.5,0.5,1.0,.500,0.0,0.0,,0.5,1.0,.500,.500,0.0,0.0,,1.0,0.5,1.5,0.0,0.0,0.0,0.5,0.5,1.0
5,Nickeil Alexander-Walker\alexani01,SG,21,NOP,47,1,12.6,2.1,5.7,.368,1.0,2.8,.346,1.1,2.8,.391,.455,0.5,0.8,.676,0.2,1.6,1.8,1.9,0.4,0.2,1.1,1.2,5.7
6,Grayson Allen\allengr01,SG,24,MEM,38,0,18.9,3.1,6.6,.466,1.5,3.7,.404,1.6,2.9,.545,.580,1.0,1.2,.867,0.2,2.0,2.2,1.4,0.3,0.1,0.9,1.4,8.7
7,Jarrett Allen\allenja01,C,21,BRK,70,64,26.5,4.3,6.6,.649,0.0,0.1,.000,4.3,6.6,.658,.649,2.4,3.9,.633,3.1,6.5,9.6,1.6,0.6,1.3,1.1,2.3,11.1
8,Kadeem Allen\allenka01,PG,27,NYK,10,0,11.7,1.9,4.4,.432,0.5,1.6,.313,1.4,2.8,.500,.489,0.7,1.1,.636,0.2,0.7,0.9,2.1,0.5,0.2,0.8,0.7,5.0
9,Al-Farouq Aminu\aminual01,PF,29,ORL,18,2,21.1,1.4,4.8,.291,0.5,2.0,.250,0.9,2.8,.320,.343,1.1,1.6,.655,1.3,3.5,4.8,1.2,1.0,0.4,0.9,1.5,4.3
10,Justin Anderson\anderju01,SG,26,BRK,10,1,10.7,1.0,3.8,.263,0.6,2.9,.207,0.4,0.9,.444,.342,0.2,0.4,.500,0.1,2.0,2.1,0.8,0.0,0.6,0.4,1.3,2.8
11,Kyle Anderson\anderky01,SF,26,MEM,67,28,19.9,2.3,4.9,.474,0.4,1.3,.282,2.0,3.7,.541,.511,0.8,1.2,.667,0.9,3.4,4.3,2.4,0.8,0.6,1.0,1.7,5.8
12,Ryan Anderson\anderry01,C,31,HOU,2,0,7.0,1.0,3.5,.286,0.5,2.5,.200,0.5,1.0,.500,.357,0.0,0.0,,0.0,3.5,3.5,1.0,0.5,0.0,0.5,0.5,2.5
13,Giannis Antetokounmpo\antetgi01,PF,25,MIL,63,63,30.4,10.9,19.7,.553,1.4,4.7,.304,9.5,15.0,.631,.589,6.3,10.0,.633,2.2,11.4,13.6,5.6,1.0,1.0,3.7,3.1,29.5
14,Kostas Antetokounmpo\antetko01,PF,22,LAL,5,0,4.0,0.6,0.6,1.000,0.0,0.0,,0.6,0.6,1.000,1.000,0.2,0.4,.500,0.4,0.2,0.6,0.4,0.0,0.0,0.2,0.4,1.4
15,Thanasis Antetokounmpo\antetth01,SF,27,MIL,20,2,6.5,1.2,2.4,.500,0.0,0.5,.000,1.2,1.9,.632,.500,0.4,0.9,.412,0.6,0.6,1.2,0.8,0.4,0.1,0.6,0.9,2.8
16,Carmelo Anthony\anthoca01,PF,35,POR,58,58,32.8,5.8,13.5,.430,1.5,3.9,.385,4.3,9.6,.448,.485,2.3,2.8,.845,1.2,5.1,6.3,1.5,0.8,0.5,1.7,2.9,15.4
17,OG Anunoby\anunoog01,SF,22,TOR,69,68,29.9,4.1,8.2,.505,1.3,3.3,.390,2.9,4.9,.583,.584,1.0,1.5,.706,1.2,4.1,5.3,1.6,1.4,0.7,1.1,2.4,10.6
18,Ryan Arcidiacono\arcidry01,PG,25,CHI,58,4,16.0,1.6,3.8,.409,0.9,2.4,.391,0.6,1.4,.439,.532,0.5,0.7,.711,0.3,1.6,1.9,1.7,0.5,0.1,0.6,1.7,4.5
19,Trevor Ariza\arizatr01,SF,34,TOT,53,21,28.2,2.7,6.1,.438,1.5,3.9,.372,1.2,2.2,.556,.557,1.2,1.4,.838,0.6,4.0,4.6,1.7,1.3,0.3,1.1,2.1,8.0
19,Trevor Ariza\arizatr01,SF,34,SAC,32,0,24.7,2.0,5.2,.388,1.3,3.8,.352,0.7,1.3,.488,.518,0.7,0.8,.778,0.7,3.9,4.6,1.6,1.1,0.2,0.9,2.0,6.0
19,Trevor Ariza\arizatr01,SF,34,POR,21,21,33.4,3.7,7.6,.491,1.6,4.0,.400,2.1,3.5,.595,.597,2.0,2.2,.872,0.6,4.1,4.8,2.0,1.6,0.4,1.3,2.3,11.0
20,D.J. Augustin\augusdj01,PG,32,ORL,57,13,24.9,3.2,8.1,.399,1.2,3.5,.348,2.0,4.6,.438,.475,2.8,3.2,.890,0.4,1.8,2.1,4.6,0.6,0.0,1.5,1.3,10.5
21,Deandre Ayton\aytonde01,C,21,PHO,38,32,32.5,8.2,14.9,.546,0.1,0.3,.231,8.1,14.6,.553,.548,1.8,2.3,.753,3.9,7.6,11.5,1.9,0.7,1.5,2.1,3.1,18.2
22,Dwayne Bacon\bacondw01,SG,24,CHO,39,11,17.6,2.2,6.3,.348,0.5,1.7,.284,1.7,4.5,.373,.387,0.9,1.4,.660,0.4,2.2,2.6,1.3,0.6,0.1,0.9,1.3,5.7
23,Marvin Bagley III\baglema01,C,20,SAC,13,6,25.7,6.0,12.8,.467,0.3,1.7,.182,5.7,11.2,.510,.479,1.9,2.4,.806,2.2,5.2,7.5,0.8,0.5,0.9,1.4,3.3,14.2
24,Lonzo Ball\balllo01,PG,22,NOP,63,54,32.1,4.4,10.9,.403,2.3,6.3,.375,2.0,4.6,.442,.511,0.7,1.2,.566,1.1,5.0,6.1,7.0,1.4,0.6,3.1,2.0,11.8
25,Mo Bamba\bambamo01,C,21,ORL,62,0,14.2,2.1,4.6,.462,0.6,1.7,.346,1.5,2.9,.531,.526,0.5,0.7,.674,1.6,3.3,4.9,0.7,0.4,1.4,0.7,1.9,5.4
26,J.J. Barea\bareajo01,PG,35,DAL,29,6,15.5,2.9,7.1,.411,1.1,2.9,.376,1.8,4.2,.434,.488,0.7,0.8,.909,0.3,1.5,1.8,3.9,0.2,0.1,1.3,0.9,7.7
27,Harrison Barnes\barneha02,PF,27,SAC,72,72,34.5,5.1,11.0,.460,1.4,3.7,.381,3.7,7.3,.501,.525,3.0,3.7,.801,1.1,3.9,4.9,2.2,0.6,0.2,1.2,1.3,14.5
28,RJ Barrett\barrerj01,SG,19,NYK,56,55,30.4,5.2,13.0,.402,1.1,3.5,.320,4.1,9.5,.432,.445,2.8,4.5,.614,0.9,4.1,5.0,2.6,1.0,0.3,2.2,2.2,14.3
29,Will Barton\bartowi01,SF,29,DEN,58,58,33.0,5.7,12.7,.450,1.9,5.0,.375,3.9,7.8,.498,.523,1.8,2.3,.767,1.3,5.0,6.3,3.7,1.1,0.5,1.5,2.1,15.1
30,Keita Bates-Diop\bateske01,PF-SF,24,TOT,44,0,16.9,2.3,5.3,.427,0.8,2.3,.330,1.5,3.0,.504,.500,1.2,1.7,.720,0.6,2.3,2.9,0.7,0.4,0.5,0.4,1.0,6.5
30,Keita Bates-Diop\bateske01,PF,24,MIN,37,0,17.5,2.4,5.6,.422,0.8,2.5,.330,1.5,3.0,.500,.498,1.2,1.8,.708,0.6,2.4,3.0,0.8,0.5,0.5,0.4,1.0,6.8
30,Keita Bates-Diop\bateske01,SF,24,DEN,7,0,14.0,1.9,4.0,.464,0.4,1.3,.333,1.4,2.7,.526,.518,1.1,1.4,.800,0.6,1.9,2.4,0.0,0.3,0.6,0.4,1.0,5.3
31,Nicolas Batum\batumni01,SF,31,CHO,22,3,23.0,1.3,3.7,.346,0.6,2.2,.286,0.6,1.5,.438,.432,0.4,0.5,.900,1.1,3.4,4.5,3.0,0.8,0.4,1.0,1.9,3.6
32,Aron Baynes\baynear01,C,33,PHO,42,28,22.2,4.4,9.1,.480,1.4,4.0,.351,3.0,5.1,.582,.558,1.3,1.8,.747,1.7,4.0,5.6,1.6,0.2,0.5,1.2,3.4,11.5
33,Kent Bazemore\bazemke01,SF,30,TOT,68,21,24.8,2.9,7.9,.375,1.2,3.6,.344,1.7,4.3,.400,.453,1.7,2.2,.769,0.4,3.9,4.3,1.4,1.1,0.6,1.3,2.9,8.8
33,Kent Bazemore\bazemke01,SF,30,POR,43,21,25.8,2.6,7.6,.347,1.3,4.0,.327,1.3,3.6,.368,.433,1.3,1.7,.806,0.3,3.7,4.0,1.4,1.0,0.7,1.4,2.8,7.9
33,Kent Bazemore\bazemke01,SF,30,SAC,25,0,23.1,3.5,8.3,.418,1.1,2.9,.384,2.4,5.4,.437,.486,2.2,3.0,.733,0.6,4.3,4.9,1.3,1.2,0.4,1.2,3.0,10.3
34,Darius Bazley\bazleda01,PF,19,OKC,61,9,18.5,2.0,5.2,.394,0.8,2.3,.348,1.2,2.9,.432,.472,0.7,1.0,.694,0.5,3.5,4.0,0.7,0.4,0.7,0.7,0.9,5.6
35,Bradley Beal\bealbr01,SG,26,WAS,57,57,36.0,10.4,22.9,.455,3.0,8.4,.353,7.4,14.4,.515,.520,6.8,8.0,.842,0.9,3.3,4.2,6.1,1.2,0.4,3.4,2.2,30.5
36,Malik Beasley\beaslma01,SG,23,TOT,55,14,22.0,4.1,9.7,.425,1.9,5.0,.388,2.2,4.7,.465,.525,1.0,1.2,.818,0.3,2.4,2.7,1.4,0.7,0.1,1.0,1.4,11.2
36,Malik Beasley\beaslma01,SG,23,DEN,41,0,18.2,2.9,7.3,.389,1.4,3.9,.360,1.4,3.4,.421,.485,0.8,0.9,.868,0.2,1.7,1.9,1.2,0.8,0.1,0.9,1.2,7.9
36,Malik Beasley\beaslma01,SG,23,MIN,14,14,33.1,7.9,16.6,.472,3.5,8.2,.426,4.4,8.4,.517,.577,1.5,2.0,.750,0.6,4.4,5.1,1.9,0.6,0.1,1.5,1.9,20.7
37,Marco Belinelli\belinma01,SG,33,SAS,57,0,15.5,2.2,5.5,.392,1.2,3.1,.376,1.0,2.4,.412,.498,0.8,1.0,.828,0.1,1.6,1.7,1.2,0.2,0.0,0.3,0.8,6.3
38,Jordan Bell\belljo01,C,25,TOT,29,0,8.8,1.2,2.3,.522,0.1,0.4,.333,1.1,1.9,.564,.552,0.7,1.1,.613,1.0,1.8,2.8,0.6,0.1,0.3,0.7,0.7,3.2
38,Jordan Bell\belljo01,C,25,MIN,27,0,8.7,1.2,2.2,.533,0.1,0.3,.222,1.1,1.9,.588,.550,0.6,1.1,.586,1.0,1.9,2.9,0.5,0.1,0.4,0.7,0.6,3.1
38,Jordan Bell\belljo01,C,25,MEM,2,0,10.5,1.5,3.5,.429,1.0,1.5,.667,0.5,2.0,.250,.571,1.0,1.0,1.000,1.0,0.5,1.5,1.0,0.5,0.0,1.5,1.0,5.0
39,DeAndre' Bembry\bembrde01,SG,25,ATL,43,4,21.3,2.4,5.3,.456,0.3,1.5,.231,2.1,3.8,.546,.489,0.6,1.1,.542,0.8,2.7,3.5,1.9,1.3,0.4,1.4,2.0,5.8
40,Dragan Bender\bendedr01,PF-C,22,TOT,16,3,17.9,2.6,5.8,.446,0.9,2.7,.349,1.6,3.1,.531,.527,0.6,0.9,.714,1.0,3.6,4.6,1.8,0.3,0.6,1.3,2.6,6.7
40,Dragan Bender\bendedr01,C,22,MIL,7,0,13.0,1.4,3.0,.476,0.6,1.3,.444,0.9,1.7,.500,.571,0.3,0.4,.667,0.0,2.9,2.9,1.3,0.0,0.7,0.7,2.3,3.7
40,Dragan Bender\bendedr01,PF,22,GSW,9,3,21.7,3.4,7.9,.437,1.2,3.8,.324,2.2,4.1,.541,.514,0.9,1.2,.727,1.8,4.1,5.9,2.1,0.4,0.4,1.8,2.9,9.0
41,Dāvis Bertāns\bertada01,PF,27,WAS,54,4,29.3,4.9,11.3,.434,3.7,8.7,.424,1.2,2.6,.471,.598,1.9,2.3,.852,0.6,3.9,4.5,1.7,0.7,0.6,1.1,2.6,15.4
42,Patrick Beverley\beverpa01,PG,31,LAC,51,50,26.3,2.9,6.7,.431,1.6,4.0,.388,1.3,2.6,.496,.548,0.6,0.9,.660,1.1,4.1,5.2,3.6,1.1,0.5,1.3,3.1,7.9
43,Khem Birch\birchkh01,C,27,ORL,48,24,19.2,1.5,3.0,.510,0.0,0.0,.000,1.5,3.0,.514,.510,1.4,2.1,.653,1.9,2.7,4.6,1.0,0.4,0.5,0.6,1.9,4.4
44,Goga Bitadze\bitadgo01,C,20,IND,54,2,8.7,1.3,2.8,.467,0.1,0.8,.190,1.1,2.0,.574,.493,0.4,0.6,.727,0.5,1.5,2.0,0.4,0.2,0.7,0.5,1.2,3.2
45,Bismack Biyombo\biyombi01,C,27,CHO,53,29,19.4,2.8,5.2,.543,0.0,0.0,,2.8,5.2,.543,.543,1.7,2.8,.603,2.3,3.5,5.8,0.9,0.2,0.9,0.9,2.2,7.4
46,Nemanja Bjelica\bjeline01,PF,31,SAC,72,67,27.9,4.4,9.1,.481,1.9,4.4,.419,2.5,4.6,.541,.583,1.0,1.2,.821,1.5,4.8,6.4,2.8,0.9,0.6,1.4,3.0,11.5
47,Eric Bledsoe\bledser01,PG,30,MIL,61,61,27.0,5.5,11.5,.475,1.2,3.5,.344,4.3,8.0,.533,.528,2.8,3.5,.790,0.7,3.9,4.6,5.4,0.9,0.4,2.4,2.1,14.9
48,Bogdan Bogdanović\bogdabo01,SG,27,SAC,61,28,29.0,5.5,12.6,.440,2.7,7.2,.372,2.8,5.3,.532,.547,1.4,1.9,.741,0.4,3.0,3.4,3.4,1.0,0.2,1.7,2.2,15.1
49,Bojan Bogdanović\bogdabo02,SF,30,UTA,63,63,33.1,6.6,14.8,.447,3.0,7.3,.414,3.6,7.6,.479,.548,4.0,4.4,.903,0.6,3.5,4.1,2.1,0.5,0.1,2.5,1.7,20.2
50,Bol Bol\bolbo01,PF,20,DEN,7,0,12.4,2.0,4.0,.500,0.6,1.3,.444,1.4,2.7,.526,.571,1.1,1.4,.800,0.7,2.0,2.7,0.9,0.3,0.9,1.4,1.6,5.7
51,Jonah Bolden\boldejo01,C,24,TOT,7,0,6.7,0.6,1.6,.364,0.0,0.6,.000,0.6,1.0,.571,.364,0.3,0.6,.500,0.4,0.9,1.3,0.0,0.4,0.3,0.3,1.4,1.4
51,Jonah Bolden\boldejo01,C,24,PHI,4,0,3.5,0.5,0.8,.667,0.0,0.3,.000,0.5,0.5,1.000,.667,0.0,0.5,.000,0.0,0.3,0.3,0.0,0.3,0.0,0.5,1.0,1.0
51,Jonah Bolden\boldejo01,C,24,PHO,3,0,11.0,0.7,2.7,.250,0.0,1.0,.000,0.7,1.7,.400,.250,0.7,0.7,1.000,1.0,1.7,2.7,0.0,0.7,0.7,0.0,2.0,2.0
52,Marques Bolden\boldema01,C,21,CLE,1,0,3.0,0.0,0.0,,0.0,0.0,,0.0,0.0,,,0.0,0.0,,0.0,2.0,2.0,0.0,1.0,0.0,0.0,1.0,0.0
53,Jordan Bone\bonejo01,PG,22,DET,10,0,5.3,0.5,2.0,.250,0.2,1.0,.200,0.3,1.0,.300,.300,0.0,0.0,,0.0,0.4,0.4,0.8,0.1,0.0,0.2,0.6,1.2
54,Isaac Bonga\bongais01,SF,20,WAS,66,49,18.9,1.8,3.5,.504,0.4,1.1,.352,1.4,2.5,.571,.558,1.0,1.3,.812,1.1,2.3,3.4,1.2,0.7,0.3,0.9,2.4,5.0
55,Devin Booker\bookede01,SG,23,PHO,70,70,35.9,9.0,18.3,.489,2.0,5.7,.354,6.9,12.6,.549,.544,6.7,7.3,.919,0.4,3.8,4.2,6.5,0.7,0.3,3.8,3.0,26.6
56,Chris Boucher\bouchch01,C,27,TOR,62,0,13.2,2.3,4.8,.472,0.6,1.9,.322,1.7,2.9,.569,.535,1.5,1.9,.784,1.7,2.7,4.5,0.4,0.4,1.0,0.5,1.8,6.6
57,Brian Bowen\bowenbr02,SF,21,IND,6,1,5.2,0.5,1.7,.300,0.0,0.3,.000,0.5,1.3,.375,.300,0.0,0.0,,0.2,1.0,1.2,0.0,0.0,0.2,0.2,0.5,1.0
58,Ky Bowman\bowmaky01,PG,22,GSW,45,12,22.6,3.0,7.1,.417,0.7,2.4,.308,2.2,4.8,.472,.469,0.8,0.9,.829,0.5,2.2,2.7,2.9,1.0,0.2,1.6,2.3,7.4
59,Avery Bradley\bradlav01,SG,29,LAL,49,44,24.2,3.5,7.8,.444,1.3,3.5,.364,2.2,4.3,.510,.526,0.4,0.5,.833,0.4,2.0,2.3,1.3,0.9,0.1,1.0,2.2,8.6
60,Tony Bradley\bradlto01,C,22,UTA,58,3,11.4,2.2,3.3,.667,0.1,0.1,1.000,2.1,3.2,.661,.675,0.5,0.8,.652,1.9,2.7,4.6,0.4,0.2,0.6,0.5,2.0,4.9
61,Jarrell Brantley\brantja01,PF,23,UTA,9,0,10.7,1.1,3.1,.357,0.3,1.4,.231,0.8,1.7,.467,.411,0.1,0.2,.500,0.2,2.0,2.2,1.2,0.3,0.6,0.8,0.8,2.7
62,Ignas Brazdeikis\brazdig01,SF,21,NYK,9,0,5.9,0.7,2.4,.273,0.1,1.0,.111,0.6,1.4,.385,.295,0.4,0.6,.800,0.2,0.3,0.6,0.4,0.0,0.1,0.2,0.3,1.9
63,Corey Brewer\breweco01,PF,33,SAC,5,0,6.6,0.4,0.8,.500,0.0,0.2,.000,0.4,0.6,.667,.500,0.2,0.6,.333,0.4,1.2,1.6,0.4,0.8,0.0,0.4,1.4,1.0
64,Mikal Bridges\bridgmi01,SF,23,PHO,73,32,28.0,3.4,6.6,.510,1.0,2.7,.361,2.4,4.0,.610,.583,1.4,1.7,.844,0.9,3.1,4.0,1.8,1.4,0.6,1.0,2.2,9.1
65,Miles Bridges\bridgmi02,SF,21,CHO,65,64,30.7,4.9,11.6,.424,1.5,4.6,.330,3.4,7.0,.486,.489,1.6,2.0,.809,1.4,4.2,5.6,1.8,0.6,0.7,1.5,2.0,13.0
66,Oshae Brissett\brissos01,SF,21,TOR,19,0,7.1,0.7,1.9,.361,0.2,0.8,.200,0.5,1.1,.476,.403,0.4,0.5,.800,0.5,0.9,1.4,0.4,0.2,0.1,0.4,0.9,1.9
67,Ryan Broekhoff\broekry01,SF,29,DAL,17,1,10.6,1.3,3.5,.373,1.2,3.0,.392,0.1,0.5,.250,.542,0.4,0.5,.875,0.3,2.2,2.5,0.6,0.3,0.2,0.4,0.9,4.2
68,Malcolm Brogdon\brogdma01,PG,27,IND,54,54,30.9,6.0,13.8,.438,1.4,4.3,.326,4.6,9.5,.488,.489,3.1,3.4,.892,0.9,4.0,4.9,7.1,0.6,0.2,2.4,1.8,16.5
69,Dillon Brooks\brookdi01,SG,24,MEM,73,73,28.9,6.0,14.6,.407,2.0,5.6,.358,3.9,9.0,.438,.476,2.2,2.8,.808,0.9,2.4,3.3,2.1,0.9,0.4,1.7,3.8,16.2
70,Bruce Brown\brownbr01,PG,23,DET,58,43,28.2,3.4,7.7,.443,0.6,1.7,.344,2.8,6.1,.470,.480,1.5,2.1,.739,1.1,3.7,4.7,4.0,1.1,0.5,1.7,2.8,8.9
71,Charlie Brown Jr.\brownch02,SG,22,ATL,10,0,4.0,0.6,1.9,.316,0.3,0.9,.333,0.3,1.0,.300,.395,0.5,0.5,1.000,0.2,0.2,0.4,0.2,0.2,0.2,0.3,0.3,2.0
72,Jaylen Brown\brownja02,SG,23,BOS,57,57,33.9,7.5,15.6,.481,2.3,5.9,.382,5.2,9.6,.543,.554,3.1,4.3,.724,1.1,5.3,6.4,2.1,1.1,0.4,2.2,2.9,20.3
73,Moses Brown\brownmo01,C,20,POR,9,0,3.7,0.4,1.1,.400,0.0,0.0,,0.4,1.1,.400,.400,0.3,0.9,.375,0.3,1.2,1.6,0.1,0.1,0.1,0.3,0.8,1.2
74,Sterling Brown\brownst02,SF,24,MIL,52,1,14.8,1.8,4.9,.371,0.8,2.6,.324,1.0,2.3,.425,.457,0.6,0.8,.800,0.6,2.9,3.5,1.0,0.6,0.1,0.8,1.0,5.1
75,Troy Brown Jr.\browntr01,SF,20,WAS,69,22,25.8,4.0,9.0,.439,0.9,2.6,.341,3.1,6.4,.479,.488,1.6,2.0,.784,1.1,4.4,5.6,2.6,1.2,0.1,1.1,1.9,10.4
76,Jalen Brunson\brunsja01,PG,23,DAL,57,16,17.9,3.2,6.8,.466,0.8,2.1,.358,2.4,4.7,.515,.522,1.1,1.3,.813,0.4,2.0,2.4,3.3,0.4,0.1,1.2,1.3,8.2
77,Thomas Bryant\bryanth01,C,22,WAS,46,36,24.9,5.3,9.1,.581,0.8,2.0,.407,4.5,7.1,.630,.626,1.9,2.5,.741,2.1,5.1,7.2,1.8,0.5,1.1,1.2,2.2,13.2
78,Reggie Bullock\bullore01,SG,28,NYK,29,19,23.6,3.1,7.7,.402,1.3,3.8,.333,1.8,3.9,.469,.484,0.6,0.7,.810,0.4,1.9,2.3,1.4,0.9,0.1,0.7,1.9,8.1
79,Trey Burke\burketr01,PG,27,TOT,33,1,15.8,2.8,6.3,.450,1.0,2.3,.427,1.9,4.1,.463,.526,0.7,0.9,.793,0.5,1.0,1.5,2.5,0.5,0.1,0.6,1.0,7.4
79,Trey Burke\burketr01,PG,27,PHI,25,0,13.2,2.4,5.1,.465,0.6,1.5,.421,1.7,3.6,.483,.528,0.5,0.7,.722,0.6,0.8,1.4,2.1,0.3,0.0,0.5,0.8,5.9
79,Trey Burke\burketr01,PG,27,DAL,8,1,23.9,4.4,10.3,.427,2.0,4.6,.432,2.4,5.6,.422,.524,1.3,1.4,.909,0.1,1.8,1.9,3.8,1.1,0.1,1.1,1.5,12.0
80,Alec Burks\burksal01,SF-SG,28,TOT,66,19,26.6,4.9,11.6,.418,1.8,4.6,.385,3.1,7.1,.439,.493,3.6,4.0,.887,0.7,3.5,4.3,2.9,0.9,0.3,1.4,1.9,15.0
80,Alec Burks\burksal01,SF,28,GSW,48,18,29.0,5.1,12.5,.406,1.8,4.7,.375,3.3,7.9,.424,.476,4.2,4.7,.897,0.8,3.9,4.7,3.1,1.0,0.4,1.6,2.2,16.1
80,Alec Burks\burksal01,SG,28,PHI,18,1,20.2,4.3,9.3,.461,1.8,4.3,.416,2.5,5.0,.500,.557,1.9,2.3,.829,0.6,2.5,3.1,2.1,0.7,0.0,0.8,1.2,12.2
81,Deonte Burton\burtode02,SF,26,OKC,39,0,9.1,1.1,3.2,.344,0.3,1.4,.189,0.8,1.8,.458,.384,0.2,0.4,.571,0.2,1.3,1.5,0.4,0.2,0.3,0.5,0.9,2.7
82,Jimmy Butler\butleji01,SF,30,MIA,58,58,33.8,5.9,13.1,.455,0.5,2.1,.244,5.4,11.0,.495,.474,7.6,9.1,.834,1.8,4.8,6.7,6.0,1.8,0.6,2.2,1.4,19.9
83,Bruno Caboclo\cabocbr01,C,24,TOT,30,0,8.1,1.3,3.0,.427,0.2,1.1,.182,1.1,1.9,.571,.461,0.3,0.3,.889,0.8,1.2,2.0,0.4,0.5,0.6,0.4,1.0,3.0
83,Bruno Caboclo\cabocbr01,C,24,MEM,22,0,8.7,1.3,3.1,.406,0.2,1.1,.160,1.1,2.0,.545,.435,0.1,0.1,.667,0.8,1.2,2.0,0.5,0.5,0.5,0.3,1.0,2.8
83,Bruno Caboclo\cabocbr01,C,24,HOU,8,0,6.5,1.3,2.5,.500,0.3,1.0,.250,1.0,1.5,.667,.550,0.8,0.8,1.000,0.8,1.3,2.0,0.3,0.6,0.6,0.8,1.0,3.5
84,Devontae Cacok\cacokde01,C,23,LAL,1,0,9.0,3.0,6.0,.500,0.0,0.0,,3.0,6.0,.500,.500,0.0,0.0,,2.0,3.0,5.0,1.0,0.0,0.0,0.0,0.0,6.0
85,Kentavious Caldwell-Pope\caldwke01,SG,26,LAL,69,26,25.5,3.4,7.3,.467,1.3,3.5,.385,2.1,3.9,.541,.558,1.1,1.5,.775,0.6,1.5,2.1,1.6,0.8,0.2,0.9,1.9,9.3
86,Vlatko Čančar\cancavl01,PF,22,DEN,14,0,3.2,0.4,1.1,.400,0.1,0.4,.167,0.4,0.6,.556,.433,0.3,0.3,1.000,0.4,0.4,0.7,0.2,0.1,0.1,0.2,0.5,1.2
87,Clint Capela\capelca01,C,25,HOU,39,39,32.8,6.3,9.9,.629,0.0,0.0,,6.3,9.9,.629,.629,1.4,2.7,.529,4.3,9.5,13.8,1.2,0.8,1.8,1.6,2.6,13.9
88,DeMarre Carroll\carrode01,SF-C,33,TOT,24,0,12.1,1.0,2.8,.379,0.3,1.4,.242,0.7,1.4,.515,.439,1.2,1.8,.690,0.5,1.8,2.3,1.0,0.3,0.2,0.7,1.3,3.6
88,DeMarre Carroll\carrode01,SF,33,SAS,15,0,9.0,0.6,1.9,.310,0.2,0.9,.231,0.4,1.1,.375,.362,0.8,1.3,.600,0.5,1.6,2.1,0.7,0.1,0.1,0.7,1.3,2.2
88,DeMarre Carroll\carrode01,C,33,HOU,9,0,17.2,1.8,4.1,.432,0.6,2.2,.250,1.2,1.9,.647,.500,1.9,2.4,.773,0.6,2.1,2.7,1.6,0.7,0.3,0.8,1.3,6.0
89,Jevon Carter\carteje01,PG,24,PHO,58,2,16.3,1.7,4.2,.416,1.1,2.5,.425,0.7,1.7,.402,.543,0.4,0.5,.852,0.5,1.5,2.0,1.4,0.8,0.3,0.6,1.5,4.9
90,Vince Carter\cartevi01,PF,43,ATL,60,0,14.6,1.8,5.1,.352,1.0,3.4,.302,0.8,1.7,.451,.452,0.4,0.5,.793,0.3,1.8,2.1,0.8,0.4,0.4,0.6,1.5,5.0
91,Wendell Carter Jr.\cartewe01,C,20,CHI,43,43,29.2,4.3,8.0,.534,0.1,0.7,.207,4.1,7.3,.564,.542,2.6,3.5,.737,3.2,6.2,9.4,1.2,0.8,0.8,1.7,3.8,11.3
92,Michael Carter-Williams\cartemi01,SG,28,ORL,45,0,18.5,2.5,5.8,.427,0.5,1.7,.293,2.0,4.1,.481,.469,1.8,2.1,.832,1.0,2.2,3.3,2.4,1.1,0.5,1.2,1.9,7.2
93,Alex Caruso\carusal01,PG,25,LAL,64,2,18.4,1.9,4.5,.412,0.6,1.9,.333,1.3,2.7,.468,.481,1.1,1.5,.734,0.3,1.7,1.9,1.9,1.1,0.3,0.8,1.5,5.5
94,Willie Cauley-Stein\caulewi01,C,26,TOT,54,39,20.3,3.2,5.6,.579,0.0,0.0,.000,3.2,5.6,.581,.579,0.7,1.2,.606,1.6,4.3,5.8,1.3,0.9,1.1,0.7,2.2,7.2
94,Willie Cauley-Stein\caulewi01,C,26,GSW,41,37,22.9,3.5,6.3,.560,0.0,0.0,,3.5,6.3,.560,.560,0.9,1.4,.614,1.7,4.5,6.2,1.5,1.1,1.2,0.9,2.5,7.9
94,Willie Cauley-Stein\caulewi01,C,26,DAL,13,2,12.1,2.4,3.5,.689,0.0,0.1,.000,2.4,3.4,.705,.689,0.4,0.7,.556,1.0,3.6,4.6,0.8,0.3,0.8,0.4,1.5,5.2
95,Tyson Chandler\chandty01,C,37,HOU,26,5,8.4,0.5,0.7,.778,0.0,0.0,,0.5,0.7,.778,.778,0.2,0.5,.462,1.0,1.6,2.5,0.2,0.2,0.3,0.3,1.2,1.3
96,Wilson Chandler\chandwi01,PF,32,BRK,35,3,21.0,2.1,5.2,.404,1.1,3.5,.306,1.1,1.8,.597,.505,0.6,0.7,.870,0.3,3.8,4.1,1.1,0.5,0.3,1.0,2.3,5.9
97,Joe Chealey\chealjo01,PG,24,CHO,4,0,8.3,0.0,1.8,.000,0.0,1.0,.000,0.0,0.8,.000,.000,0.5,0.5,1.000,0.0,0.0,0.0,0.3,1.0,0.0,0.5,0.5,0.5
98,Zylan Cheatham\cheatzy01,PF,24,NOP,4,0,12.8,1.5,2.3,.667,0.0,0.3,.000,1.5,2.0,.750,.667,0.0,0.0,,0.8,1.5,2.3,0.8,0.3,0.3,1.0,2.5,3.0
99,Chris Chiozza\chiozch01,PG,24,TOT,28,2,14.3,2.0,5.0,.393,1.0,2.6,.375,1.0,2.4,.412,.489,0.2,0.2,1.000,0.3,1.6,1.9,3.0,0.8,0.1,1.1,1.3,5.1
99,Chris Chiozza\chiozch01,PG,24,WAS,10,0,12.3,1.0,3.4,.294,0.7,1.6,.438,0.3,1.8,.167,.397,0.0,0.0,,0.0,1.5,1.5,2.8,1.0,0.2,0.9,1.2,2.7
99,Chris Chiozza\chiozch01,PG,24,BRK,18,2,15.4,2.5,5.9,.425,1.1,3.1,.357,1.4,2.8,.500,.519,0.3,0.3,1.000,0.5,1.6,2.1,3.1,0.6,0.1,1.3,1.4,6.4
100,Marquese Chriss\chrisma01,PF,22,GSW,59,21,20.3,3.6,6.5,.545,0.1,0.7,.205,3.4,5.9,.584,.556,2.0,2.6,.769,1.9,4.3,6.2,1.9,0.7,1.1,1.3,2.1,9.3
101,Gary Clark\clarkga01,SF-PF,25,TOT,42,5,13.5,1.3,3.2,.406,0.9,2.6,.351,0.4,0.5,.682,.553,0.2,0.2,.900,0.9,1.7,2.6,0.4,0.1,0.5,0.2,1.1,3.7
101,Gary Clark\clarkga01,PF,25,HOU,18,0,11.8,1.3,3.3,.390,1.0,2.8,.353,0.3,0.4,.625,.542,0.3,0.4,.857,0.6,1.6,2.2,0.7,0.1,0.4,0.1,1.2,3.9
101,Gary Clark\clarkga01,SF,25,ORL,24,5,14.8,1.3,3.1,.419,0.9,2.5,.350,0.4,0.6,.714,.561,0.1,0.1,1.000,1.1,1.8,2.9,0.2,0.2,0.6,0.3,1.0,3.6
102,Brandon Clarke\clarkbr01,PF,23,MEM,58,4,22.4,5.1,8.3,.618,0.4,1.1,.359,4.7,7.2,.658,.642,1.5,1.9,.759,1.6,4.4,5.9,1.4,0.6,0.8,0.9,1.7,12.1
103,Jordan Clarkson\clarkjo01,SG,27,TOT,71,2,24.0,5.5,12.2,.454,2.1,5.8,.368,3.4,6.4,.533,.542,1.9,2.3,.836,0.7,1.9,2.6,1.9,0.6,0.2,1.4,1.5,15.2
103,Jordan Clarkson\clarkjo01,SG,27,CLE,29,0,23.0,5.0,11.2,.442,2.0,5.5,.371,2.9,5.8,.509,.532,2.6,3.0,.884,0.7,1.7,2.4,2.4,0.6,0.3,1.3,1.1,14.6
103,Jordan Clarkson\clarkjo01,SG,27,UTA,42,2,24.7,6.0,12.9,.462,2.2,6.0,.366,3.7,6.8,.547,.548,1.5,1.9,.785,0.7,2.1,2.8,1.6,0.7,0.2,1.4,1.8,15.6
104,Nic Claxton\claxtni01,C,20,BRK,15,0,12.5,1.8,3.2,.563,0.1,0.5,.143,1.7,2.7,.634,.573,0.7,1.4,.524,1.3,1.7,2.9,1.1,0.1,0.5,0.6,0.9,4.4
105,Chris Clemons\clemoch01,SG,22,HOU,33,0,8.8,1.7,4.3,.401,1.1,3.2,.346,0.6,1.1,.571,.532,0.3,0.3,.909,0.1,0.8,0.9,0.8,0.3,0.2,0.6,0.8,4.9
106,Antonius Cleveland\clevean01,SG,25,DAL,11,0,4.2,0.4,1.3,.286,0.0,0.3,.000,0.4,1.0,.364,.286,0.3,0.5,.600,0.2,0.5,0.6,0.1,0.1,0.3,0.2,0.7,1.0
107,Amir Coffey\coffeam01,SG,22,LAC,18,1,8.8,1.3,3.0,.426,0.3,1.1,.316,0.9,1.9,.486,.481,0.3,0.6,.545,0.2,0.7,0.9,0.8,0.3,0.1,0.4,1.1,3.2
108,John Collins\collijo01,PF,22,ATL,41,41,33.2,8.6,14.8,.583,1.4,3.6,.401,7.2,11.2,.642,.632,2.9,3.7,.800,2.8,7.3,10.1,1.5,0.8,1.6,1.8,3.4,21.6
109,Zach Collins\colliza01,PF,22,POR,11,11,26.4,2.9,6.2,.471,0.6,1.7,.368,2.3,4.5,.510,.522,0.5,0.7,.750,2.3,4.0,6.3,1.5,0.5,0.5,1.3,3.3,7.0
110,Mike Conley\conlemi01,PG,32,UTA,47,41,29.0,4.9,12.1,.409,2.0,5.4,.375,2.9,6.6,.437,.494,2.4,3.0,.827,0.7,2.5,3.2,4.4,0.8,0.1,2.0,2.2,14.4
111,Pat Connaughton\connapa01,SG,27,MIL,67,4,18.6,2.0,4.5,.455,0.8,2.5,.331,1.2,2.0,.607,.547,0.5,0.6,.775,0.9,3.3,4.2,1.6,0.4,0.5,0.8,1.0,5.4
112,Quinn Cook\cookqu01,PG,26,LAL,44,1,11.5,2.1,4.9,.425,0.7,1.9,.365,1.4,2.9,.465,.498,0.3,0.3,.786,0.3,0.9,1.2,1.1,0.3,0.0,0.8,0.6,5.1
113,Tyler Cook\cookty01,PF-SF,22,TOT,13,0,4.2,0.6,0.9,.667,0.0,0.0,,0.6,0.9,.667,.667,0.5,0.6,.875,0.5,0.6,1.1,0.1,0.2,0.0,0.2,0.4,1.8
113,Tyler Cook\cookty01,PF,22,CLE,11,0,3.2,0.6,0.9,.700,0.0,0.0,,0.6,0.9,.700,.700,0.5,0.5,.833,0.4,0.5,0.9,0.1,0.1,0.0,0.1,0.4,1.7
113,Tyler Cook\cookty01,SF,22,DEN,2,0,9.5,0.5,1.0,.500,0.0,0.0,,0.5,1.0,.500,.500,1.0,1.0,1.000,1.0,1.0,2.0,0.0,1.0,0.0,1.0,0.5,2.0
114,Robert Covington\covinro01,PF-C,29,TOT,70,68,30.5,4.4,10.3,.422,2.3,6.9,.335,2.1,3.5,.593,.533,1.4,1.8,.798,0.9,5.7,6.6,1.3,1.6,1.3,1.5,3.1,12.4
114,Robert Covington\covinro01,PF,29,MIN,48,47,29.4,4.5,10.3,.435,2.3,6.5,.346,2.3,3.8,.587,.544,1.6,2.0,.798,0.8,5.2,6.0,1.2,1.7,0.9,1.5,3.1,12.8
114,Robert Covington\covinro01,C,29,HOU,22,21,33.0,4.0,10.3,.392,2.4,7.6,.315,1.6,2.7,.610,.509,1.1,1.4,.800,1.2,6.8,8.0,1.5,1.6,2.2,1.4,3.3,11.6
115,Allen Crabbe\crabbal01,SG-SF,27,TOT,37,1,17.6,1.7,4.8,.356,1.0,3.2,.303,0.7,1.6,.466,.458,0.3,0.4,.714,0.3,1.8,2.1,0.9,0.4,0.1,0.5,1.3,4.6
115,Allen Crabbe\crabbal01,SG,27,ATL,28,1,18.6,1.9,5.1,.364,1.1,3.3,.323,0.8,1.8,.440,.469,0.3,0.4,.750,0.4,2.0,2.3,1.0,0.5,0.1,0.4,1.3,5.1
115,Allen Crabbe\crabbal01,SF,27,MIN,9,0,14.6,1.2,3.8,.324,0.7,2.9,.231,0.6,0.9,.625,.412,0.1,0.2,.500,0.1,1.2,1.3,0.6,0.0,0.0,0.6,1.2,3.2
116,Torrey Craig\craigto01,SF,29,DEN,58,27,18.5,2.1,4.6,.461,0.8,2.4,.326,1.4,2.3,.603,.545,0.4,0.6,.611,1.1,2.2,3.3,0.8,0.4,0.6,0.4,2.3,5.4
117,Jamal Crawford\crawfja01,SG,39,BRK,1,0,6.0,2.0,4.0,.500,1.0,2.0,.500,1.0,2.0,.500,.625,0.0,0.0,,0.0,0.0,0.0,3.0,0.0,0.0,0.0,1.0,5.0
118,Jae Crowder\crowdja01,SF-PF,29,TOT,65,53,28.8,3.5,8.7,.401,2.1,6.1,.343,1.4,2.6,.538,.521,1.5,1.9,.776,0.8,5.1,5.9,2.5,1.1,0.4,1.1,2.2,10.5
118,Jae Crowder\crowdja01,SF,29,MEM,45,45,29.4,3.3,8.9,.368,1.7,5.9,.293,1.5,3.0,.519,.466,1.7,2.1,.789,0.9,5.3,6.2,2.8,1.0,0.3,1.2,1.9,9.9
118,Jae Crowder\crowdja01,PF,29,MIA,20,8,27.7,4.0,8.2,.482,2.9,6.4,.445,1.1,1.8,.611,.655,1.1,1.5,.733,0.6,4.8,5.4,1.8,1.3,0.5,0.8,2.9,11.9
119,Jarrett Culver\culveja01,SG,20,MIN,63,35,23.9,3.7,9.0,.404,1.0,3.5,.299,2.6,5.5,.471,.462,0.9,1.9,.462,1.1,2.3,3.4,1.7,0.9,0.6,1.3,2.0,9.2
120,Seth Curry\curryse01,SG,29,DAL,64,25,24.6,4.4,9.0,.495,2.3,5.0,.452,2.2,4.0,.549,.621,1.3,1.5,.825,0.4,1.8,2.3,1.9,0.6,0.1,1.0,1.8,12.4
121,Stephen Curry\curryst01,PG,31,GSW,5,5,27.8,6.6,16.4,.402,2.4,9.8,.245,4.2,6.6,.636,.476,5.2,5.2,1.000,0.8,4.4,5.2,6.6,1.0,0.4,3.2,2.2,20.8
122,Troy Daniels\danietr01,SG,28,TOT,47,0,11.3,1.5,4.0,.387,1.0,2.8,.348,0.6,1.1,.481,.511,0.2,0.3,.625,0.3,0.9,1.1,0.4,0.2,0.1,0.3,0.8,4.3
122,Troy Daniels\danietr01,SG,28,LAL,41,0,11.1,1.5,3.9,.392,1.0,2.7,.357,0.5,1.1,.478,.519,0.2,0.4,.625,0.3,0.8,1.1,0.3,0.2,0.1,0.2,0.7,4.2
122,Troy Daniels\danietr01,SG,28,DEN,6,0,12.7,1.7,4.7,.357,1.0,3.3,.300,0.7,1.3,.500,.464,0.0,0.0,,0.0,1.0,1.0,0.5,0.5,0.0,0.5,1.2,4.3
123,Anthony Davis\davisan02,PF,26,LAL,62,62,34.4,8.9,17.7,.503,1.2,3.5,.330,7.7,14.2,.546,.536,7.2,8.5,.846,2.3,7.0,9.3,3.2,1.5,2.3,2.5,2.5,26.1
124,Ed Davis\davised01,C,30,UTA,28,1,10.8,0.8,1.6,.478,0.0,0.0,,0.8,1.6,.478,.478,0.3,0.5,.500,1.3,2.5,3.8,0.4,0.4,0.3,0.5,2.2,1.8
125,Terence Davis\daviste02,SG,22,TOR,72,4,16.8,2.8,6.1,.456,1.3,3.4,.388,1.5,2.7,.541,.564,0.7,0.8,.864,0.7,2.6,3.3,1.6,0.5,0.2,1.1,1.7,7.5
126,Dewayne Dedmon\dedmode01,C,30,TOT,44,18,17.6,2.3,5.8,.400,0.5,2.4,.206,1.8,3.4,.541,.443,0.7,0.8,.833,1.4,4.3,5.7,0.5,0.6,0.9,1.3,3.0,5.8
126,Dewayne Dedmon\dedmode01,C,30,SAC,34,10,15.9,2.0,5.0,.404,0.4,2.1,.197,1.6,2.9,.550,.444,0.7,0.8,.821,1.4,3.6,4.9,0.4,0.4,0.8,1.4,2.7,5.1
126,Dewayne Dedmon\dedmode01,C,30,ATL,10,8,23.3,3.3,8.4,.393,0.8,3.6,.222,2.5,4.8,.521,.440,0.7,0.8,.875,1.4,6.8,8.2,0.7,1.0,1.5,1.0,4.0,8.1
127,Matthew Dellavedova\dellama01,PG,29,CLE,57,4,14.4,1.1,3.1,.354,0.4,1.6,.231,0.7,1.5,.488,.414,0.6,0.6,.865,0.3,1.0,1.3,3.2,0.4,0.0,1.0,1.4,3.1
128,DeMar DeRozan\derozde01,SF,30,SAS,68,68,34.1,8.2,15.4,.531,0.1,0.5,.257,8.1,14.9,.540,.535,5.6,6.6,.845,0.6,4.9,5.5,5.6,1.0,0.3,2.4,2.6,22.1
129,Cheick Diallo\diallch01,C,23,PHO,47,2,10.2,2.0,3.0,.648,0.0,0.1,.333,1.9,3.0,.655,.651,0.7,0.8,.872,0.6,2.1,2.8,0.5,0.2,0.3,0.7,1.2,4.7
130,Hamidou Diallo\diallha01,SF,21,OKC,46,3,19.5,2.9,6.4,.446,0.3,1.2,.281,2.5,5.2,.485,.473,0.8,1.4,.603,1.0,2.7,3.6,0.8,0.8,0.2,1.1,2.2,6.9
131,Gorgui Dieng\dienggo01,C,30,TOT,63,17,17.4,2.6,5.8,.456,0.9,2.4,.355,1.8,3.4,.528,.530,1.2,1.6,.772,1.4,4.2,5.6,1.2,0.8,0.9,1.0,2.0,7.4
131,Gorgui Dieng\dienggo01,C,30,MIN,46,17,16.9,2.7,6.0,.448,1.0,2.6,.383,1.7,3.4,.497,.531,1.0,1.3,.797,1.6,4.0,5.6,1.3,0.8,0.9,1.0,1.9,7.4
131,Gorgui Dieng\dienggo01,C,30,MEM,17,0,18.7,2.5,5.1,.483,0.5,1.9,.250,2.0,3.2,.618,.529,1.8,2.5,.738,1.1,4.7,5.8,0.9,0.8,1.0,0.9,2.1,7.2
132,Spencer Dinwiddie\dinwisp01,PG,26,BRK,64,49,31.2,6.6,16.0,.415,1.9,6.3,.308,4.7,9.7,.485,.476,5.4,7.0,.778,0.5,3.0,3.5,6.8,0.6,0.3,2.7,2.8,20.6
133,Donte DiVincenzo\divindo01,SG,23,MIL,66,24,23.0,3.5,7.7,.455,1.3,3.7,.336,2.3,4.0,.567,.536,1.0,1.3,.733,1.0,3.8,4.8,2.3,1.3,0.3,1.4,1.7,9.2
134,Luka Dončić\doncilu01,PG,20,DAL,61,61,33.6,9.5,20.6,.463,2.8,8.9,.316,6.7,11.7,.574,.531,7.0,9.2,.758,1.3,8.1,9.4,8.8,1.0,0.2,4.3,2.5,28.8
135,Luguentz Dort\dortlu01,SF,20,OKC,36,28,22.8,2.4,6.1,.394,0.8,2.8,.297,1.6,3.3,.479,.463,1.2,1.5,.792,0.7,1.6,2.3,0.8,0.9,0.1,0.6,2.7,6.8
136,Damyean Dotson\dotsoda01,SG,25,NYK,48,0,17.4,2.5,6.0,.414,1.2,3.4,.362,1.3,2.6,.480,.516,0.5,0.7,.667,0.2,1.7,1.9,1.2,0.5,0.1,0.4,0.9,6.7
137,Sekou Doumbouya\doumbse01,PF,19,DET,38,19,19.8,2.4,6.2,.390,0.7,2.6,.286,1.7,3.6,.464,.449,0.8,1.2,.674,0.5,2.6,3.1,0.5,0.5,0.2,0.9,2.1,6.4
138,PJ Dozier\doziepj01,SG,23,DEN,29,0,14.2,2.2,5.4,.414,0.6,1.7,.347,1.7,3.7,.444,.468,0.7,1.0,.724,0.3,1.6,1.9,2.2,0.5,0.2,0.9,1.6,5.8
139,Goran Dragić\dragigo01,PG,33,MIA,59,3,28.2,5.4,12.3,.441,2.1,5.7,.367,3.3,6.5,.505,.526,3.2,4.2,.776,0.5,2.7,3.2,5.1,0.7,0.2,2.4,2.1,16.2
140,Andre Drummond\drumman01,C,26,TOT,57,56,33.0,7.3,13.8,.533,0.1,0.6,.143,7.2,13.1,.551,.536,3.0,5.2,.575,4.4,10.8,15.2,2.7,1.9,1.6,3.6,3.5,17.7
140,Andre Drummond\drumman01,C,26,DET,49,48,33.8,7.3,13.9,.530,0.0,0.4,.048,7.3,13.4,.546,.531,3.0,5.2,.584,4.6,11.2,15.8,2.8,2.0,1.7,3.6,3.6,17.8
140,Andre Drummond\drumman01,C,26,CLE,8,8,28.1,7.3,13.1,.552,0.5,1.8,.286,6.8,11.4,.593,.571,2.5,4.9,.513,3.0,8.1,11.1,1.8,1.5,1.4,3.6,3.1,17.5
141,Jared Dudley\dudleja01,PF,34,LAL,45,1,8.1,0.5,1.3,.400,0.4,0.9,.429,0.1,0.4,.333,.550,0.0,0.0,1.000,0.1,1.0,1.2,0.6,0.3,0.1,0.2,0.9,1.5
142,Kris Dunn\dunnkr01,PG,25,CHI,51,32,24.9,3.0,6.7,.444,0.6,2.2,.259,2.4,4.5,.535,.487,0.8,1.1,.741,0.5,3.2,3.6,3.4,2.0,0.3,1.3,3.1,7.3
143,Carsen Edwards\edwarca01,SG,21,BOS,37,0,9.5,1.1,3.5,.328,0.6,2.1,.316,0.5,1.4,.346,.422,0.4,0.5,.684,0.2,1.1,1.3,0.6,0.3,0.1,0.4,0.9,3.3
144,Henry Ellenson\ellenhe01,C,23,BRK,5,0,3.0,0.2,1.4,.143,0.0,0.8,.000,0.2,0.6,.333,.143,0.0,0.0,,0.4,0.8,1.2,0.2,0.0,0.0,0.0,0.2,0.4
145,Wayne Ellington\ellinwa01,SG,32,NYK,36,1,15.5,1.7,4.8,.351,1.4,4.0,.350,0.3,0.9,.355,.494,0.3,0.4,.846,0.1,1.7,1.8,1.2,0.4,0.1,0.5,1.1,5.1
146,Joel Embiid\embiijo01,C,25,PHI,51,51,29.5,7.5,15.7,.477,1.1,3.4,.331,6.4,12.3,.517,.512,6.9,8.5,.807,2.8,8.9,11.6,3.0,0.9,1.3,3.1,3.4,23.0
147,James Ennis III\ennisja01,SF-SG,29,TOT,69,18,18.3,2.3,5.2,.446,0.8,2.4,.325,1.5,2.8,.553,.522,1.1,1.4,.806,1.0,2.5,3.6,0.9,0.5,0.3,0.8,2.0,6.6
147,James Ennis III\ennisja01,SF,29,PHI,49,0,15.8,2.0,4.6,.442,0.8,2.2,.349,1.3,2.4,.525,.524,1.0,1.2,.787,1.0,2.1,3.1,0.8,0.5,0.3,0.6,1.7,5.8
147,James Ennis III\ennisja01,SG,29,ORL,20,18,24.5,3.0,6.7,.451,0.9,3.2,.286,2.1,3.5,.600,.519,1.6,1.9,.838,1.2,3.6,4.8,1.1,0.6,0.4,1.4,2.6,8.5
148,Drew Eubanks\eubandr01,C,22,SAS,22,3,12.4,2.0,3.0,.642,0.0,0.0,1.000,1.9,3.0,.636,.649,0.9,1.2,.769,1.3,2.6,3.9,0.7,0.2,0.8,1.0,1.7,4.9
149,Jacob Evans\evansja02,SG,22,TOT,29,1,14.4,1.6,4.6,.336,0.4,1.3,.333,1.1,3.3,.337,.384,0.9,1.0,.862,0.3,1.1,1.4,1.1,0.4,0.4,0.9,1.4,4.4
149,Jacob Evans\evansja02,SG,22,GSW,27,1,15.3,1.7,4.9,.338,0.5,1.4,.342,1.2,3.5,.337,.387,0.9,1.1,.862,0.3,1.2,1.5,1.1,0.4,0.4,0.9,1.5,4.7
149,Jacob Evans\evansja02,SG,22,MIN,2,0,2.0,0.0,0.5,.000,0.0,0.5,.000,0.0,0.0,,.000,0.0,0.0,,0.0,0.0,0.0,0.0,0.0,0.0,0.0,0.0,0.0
150,Dante Exum\exumda01,SG,24,TOT,35,1,13.9,1.6,3.4,.471,0.4,1.2,.349,1.2,2.2,.539,.534,0.9,1.2,.744,0.3,1.6,1.9,1.1,0.4,0.2,0.9,1.1,4.5
150,Dante Exum\exumda01,SG,24,UTA,11,0,7.5,0.9,2.1,.435,0.2,0.5,.333,0.7,1.5,.471,.478,0.2,0.2,1.000,0.3,0.8,1.1,0.6,0.1,0.2,0.9,0.7,2.2
150,Dante Exum\exumda01,SG,24,CLE,24,1,16.8,1.9,4.0,.479,0.5,1.5,.351,1.4,2.5,.559,.547,1.3,1.7,.732,0.4,1.9,2.3,1.4,0.5,0.3,0.9,1.3,5.6
151,Tacko Fall\fallta01,C,24,BOS,7,0,4.7,1.6,2.0,.786,0.0,0.0,,1.6,2.0,.786,.786,0.1,0.4,.333,0.1,2.0,2.1,0.1,0.1,0.6,0.4,1.0,3.3
152,Derrick Favors\favorde01,C,28,NOP,51,49,24.4,4.1,6.6,.617,0.0,0.1,.143,4.1,6.5,.627,.618,0.8,1.4,.563,3.2,6.6,9.8,1.6,0.6,0.9,1.1,2.1,9.0
153,Cristiano Felício\feliccr01,C,27,CHI,22,0,17.5,1.5,2.5,.630,0.0,0.1,.000,1.5,2.4,.654,.630,0.8,1.0,.783,2.5,2.1,4.6,0.7,0.5,0.1,0.8,1.5,3.9
154,Terrance Ferguson\fergute01,SF,21,OKC,56,38,22.4,1.4,3.9,.355,0.9,3.0,.292,0.5,0.9,.558,.466,0.3,0.4,.750,0.4,0.9,1.3,0.9,0.5,0.3,0.6,2.8,3.9
155,Bruno Fernando\fernabr01,C,21,ATL,56,13,12.7,1.8,3.6,.518,0.1,0.7,.135,1.8,2.9,.605,.530,0.5,0.9,.569,1.2,2.3,3.5,0.9,0.3,0.3,0.8,1.9,4.3
156,Yogi Ferrell\ferreyo01,PG,26,SAC,50,0,10.6,1.6,3.8,.420,0.5,1.6,.304,1.1,2.2,.505,.484,0.7,0.8,.857,0.1,0.9,1.0,1.4,0.4,0.1,0.6,0.8,4.4
157,Dorian Finney-Smith\finnedo01,PF,26,DAL,71,68,29.9,3.4,7.4,.466,1.6,4.3,.376,1.8,3.1,.589,.575,1.1,1.5,.722,2.0,3.7,5.7,1.6,0.6,0.5,1.0,2.5,9.5
158,Bryn Forbes\forbebr01,SG,26,SAS,63,62,25.1,3.8,9.2,.417,2.3,6.0,.388,1.5,3.2,.470,.544,1.2,1.4,.833,0.2,1.8,2.0,1.7,0.5,0.0,0.9,1.8,11.2
159,Evan Fournier\fournev01,SF,27,ORL,66,66,31.5,6.6,14.1,.467,2.6,6.6,.399,4.0,7.5,.527,.560,2.7,3.3,.818,0.3,2.3,2.6,3.2,1.1,0.2,1.9,2.4,18.5
160,De'Aaron Fox\foxde01,PG,22,SAC,51,49,32.0,7.7,16.0,.480,1.1,3.6,.292,6.6,12.4,.535,.513,4.7,6.7,.705,0.7,3.2,3.8,6.8,1.5,0.5,3.1,2.8,21.1
161,Melvin Frazier\frazime01,SG,23,ORL,19,0,6.6,0.8,1.8,.441,0.4,0.8,.500,0.4,0.9,.389,.559,0.1,0.2,.500,0.1,0.4,0.5,0.2,0.5,0.1,0.3,0.6,2.1
162,Michael Frazier\frazimi01,SG,25,HOU,13,0,11.2,0.5,2.2,.241,0.3,1.8,.174,0.2,0.5,.500,.310,0.7,1.1,.643,0.1,0.7,0.8,0.2,0.2,0.0,0.4,1.7,2.1
163,Tim Frazier\fraziti01,PG,29,DET,27,11,13.1,1.3,3.5,.362,0.4,1.1,.333,0.9,2.4,.375,.415,0.7,0.9,.792,0.3,0.9,1.2,3.4,0.5,0.1,1.3,1.6,3.6
164,Enes Freedom\kanteen01,C,27,BOS,58,7,16.9,3.4,6.0,.572,0.0,0.1,.143,3.4,5.9,.581,.573,1.2,1.7,.707,2.8,4.6,7.4,1.0,0.4,0.7,1.0,1.7,8.1
165,Markelle Fultz\fultzma01,PG,21,ORL,72,60,27.7,5.0,10.7,.465,0.5,1.9,.267,4.5,8.8,.507,.488,1.6,2.2,.730,0.6,2.7,3.3,5.1,1.3,0.2,2.0,2.0,12.1
166,Wenyen Gabriel\gabriwe01,PF,22,TOT,30,1,7.8,0.7,1.6,.438,0.2,0.7,.300,0.5,0.9,.536,.500,0.5,0.7,.682,0.7,1.0,1.7,0.3,0.4,0.2,0.5,1.3,2.1
166,Wenyen Gabriel\gabriwe01,PF,22,SAC,11,0,5.5,0.5,1.5,.353,0.1,0.7,.125,0.5,0.8,.556,.382,0.5,0.9,.600,0.4,0.5,0.9,0.3,0.3,0.2,0.5,0.6,1.7
166,Wenyen Gabriel\gabriwe01,PF,22,POR,19,1,9.2,0.8,1.6,.484,0.3,0.6,.417,0.5,1.0,.526,.565,0.5,0.6,.750,0.9,1.3,2.2,0.3,0.4,0.3,0.6,1.7,2.3
167,Daniel Gafford\gaffoda01,C,21,CHI,43,7,14.2,2.2,3.1,.701,0.0,0.0,,2.2,3.1,.701,.701,0.7,1.4,.533,1.2,1.3,2.5,0.5,0.3,1.3,0.7,2.3,5.1
168,Danilo Gallinari\gallida01,PF,31,OKC,62,62,29.6,5.8,13.2,.438,2.9,7.1,.405,2.9,6.1,.476,.547,4.3,4.8,.893,0.5,4.6,5.2,1.9,0.7,0.1,1.2,1.2,18.7
169,Langston Galloway\gallola01,SG,28,DET,66,6,25.8,3.6,8.2,.435,2.0,5.0,.399,1.6,3.2,.493,.557,1.1,1.3,.859,0.5,1.8,2.3,1.5,0.7,0.2,0.6,1.5,10.3
170,Darius Garland\garlada01,SG,20,CLE,59,59,30.9,4.7,11.8,.401,1.8,5.0,.355,3.0,6.8,.434,.476,1.1,1.2,.875,0.5,1.4,1.9,3.9,0.7,0.1,2.6,1.6,12.3
171,Marc Gasol\gasolma01,C,35,TOR,44,43,26.4,2.7,6.3,.427,1.3,3.4,.385,1.4,3.0,.473,.529,0.8,1.1,.735,0.7,5.5,6.3,3.3,0.8,0.9,1.3,2.8,7.5
172,Rudy Gay\gayru01,PF,33,SAS,67,5,21.8,4.0,8.9,.446,1.1,3.3,.336,2.9,5.6,.511,.508,1.8,2.0,.882,0.9,4.5,5.4,1.7,0.5,0.5,1.3,1.5,10.8
173,Paul George\georgpa01,SF,29,LAC,48,48,29.6,7.1,16.3,.439,3.3,7.9,.412,3.9,8.4,.464,.539,4.0,4.5,.876,0.5,5.2,5.7,3.9,1.4,0.4,2.6,2.4,21.5
174,Taj Gibson\gibsota01,C,34,NYK,62,56,16.5,2.7,4.6,.584,0.1,0.2,.286,2.6,4.4,.599,.591,0.7,0.9,.732,1.8,2.5,4.3,0.8,0.4,0.5,0.8,2.0,6.1
175,Harry Giles\gilesha01,C,21,SAC,46,17,14.5,3.0,5.5,.554,0.0,0.0,.000,3.0,5.4,.558,.554,0.8,1.1,.776,0.9,3.2,4.1,1.3,0.5,0.4,1.0,2.6,6.9
176,Shai Gilgeous-Alexander\gilgesh01,SG,21,OKC,70,70,34.7,6.8,14.5,.471,1.2,3.6,.347,5.6,10.9,.512,.514,4.1,5.1,.807,0.7,5.2,5.9,3.3,1.1,0.7,1.9,1.7,19.0
177,Rudy Gobert\goberru01,C,27,UTA,68,68,34.3,5.7,8.2,.693,0.0,0.0,,5.7,8.2,.693,.693,3.7,5.9,.630,3.4,10.1,13.5,1.5,0.8,2.0,1.9,3.2,15.1
178,Brandon Goodwin\goodwbr01,PG,24,ATL,34,1,12.6,2.2,5.6,.400,0.8,2.6,.299,1.5,3.0,.485,.468,0.8,0.9,.933,0.3,1.8,2.1,1.5,0.4,0.1,0.9,1.3,6.1
179,Aaron Gordon\gordoaa01,PF,24,ORL,62,62,32.5,5.4,12.4,.437,1.2,3.8,.308,4.2,8.5,.494,.484,2.4,3.6,.674,1.7,5.9,7.7,3.7,0.8,0.6,1.6,2.0,14.4
180,Eric Gordon\gordoer01,SF,31,HOU,36,15,28.2,4.8,12.9,.369,2.7,8.4,.317,2.1,4.4,.469,.473,2.3,3.0,.766,0.3,1.7,2.0,1.5,0.6,0.4,1.2,1.9,14.4
181,Devonte' Graham\grahade01,PG,24,CHO,63,53,35.1,5.8,15.3,.382,3.5,9.3,.373,2.4,6.0,.397,.495,3.0,3.7,.820,0.7,2.7,3.4,7.5,1.0,0.2,2.9,1.8,18.2
182,Treveon Graham\grahatr01,SF,26,TOT,55,20,16.9,1.6,4.4,.360,0.6,2.2,.275,1.0,2.2,.443,.428,0.7,1.0,.643,0.9,1.8,2.7,0.8,0.4,0.1,0.5,1.9,4.4
182,Treveon Graham\grahatr01,SF,26,MIN,33,20,20.1,1.9,5.3,.354,0.6,2.5,.241,1.3,2.8,.457,.411,0.8,1.1,.730,0.9,2.2,3.0,0.9,0.5,0.1,0.6,2.0,5.2
182,Treveon Graham\grahatr01,SF,26,ATL,22,0,12.1,1.1,3.0,.373,0.6,1.7,.351,0.5,1.4,.400,.470,0.4,0.9,.474,1.0,1.3,2.3,0.7,0.3,0.2,0.5,1.6,3.3
183,Jerami Grant\grantje01,PF,25,DEN,71,24,26.6,4.3,8.9,.478,1.4,3.5,.389,2.9,5.4,.537,.555,2.1,2.8,.750,0.8,2.7,3.5,1.2,0.7,0.8,0.9,2.2,12.0
184,Jerian Grant\grantje02,SG,27,WAS,6,0,13.3,1.7,4.5,.370,0.3,1.3,.250,1.3,3.2,.421,.407,0.8,1.2,.714,0.3,0.7,1.0,1.5,0.2,0.2,0.5,1.8,4.5
185,Josh Gray\grayjo01,PG,26,NOP,2,0,11.5,0.5,1.0,.500,0.0,0.0,,0.5,1.0,.500,.500,0.0,0.0,,0.5,0.5,1.0,1.0,0.0,0.0,2.5,0.5,1.0
186,Danny Green\greenda02,SG,32,LAL,68,68,24.8,2.9,7.0,.416,1.8,4.8,.367,1.1,2.2,.524,.542,0.5,0.7,.688,0.8,2.6,3.3,1.3,1.3,0.5,0.9,2.0,8.0
187,Draymond Green\greendr01,PF,29,GSW,43,43,28.4,2.9,7.3,.389,0.8,3.0,.279,2.0,4.3,.465,.446,1.5,1.9,.759,0.5,5.7,6.2,6.2,1.4,0.8,2.3,2.6,8.0
188,JaMychal Green\greenja01,PF,29,LAC,63,1,20.7,2.4,5.6,.429,1.5,3.8,.387,0.9,1.8,.518,.560,0.6,0.8,.750,1.2,4.9,6.2,0.8,0.5,0.4,0.9,2.8,6.8
189,Javonte Green\greenja02,SG,26,BOS,48,2,9.8,1.3,2.6,.500,0.2,0.7,.273,1.1,1.9,.581,.536,0.6,0.9,.667,0.5,1.4,1.9,0.5,0.5,0.2,0.5,0.9,3.4
190,Jeff Green\greenje02,PF-C,33,TOT,48,4,20.0,3.3,7.2,.462,1.3,3.8,.339,2.0,3.4,.602,.552,1.5,1.9,.802,0.5,2.3,2.8,1.0,0.5,0.4,0.9,1.9,9.4
190,Jeff Green\greenje02,PF,33,UTA,30,2,18.4,2.5,6.5,.385,1.1,3.5,.327,1.4,3.0,.451,.472,1.6,2.1,.778,0.5,2.2,2.7,0.7,0.4,0.3,0.9,1.5,7.8
190,Jeff Green\greenje02,C,33,HOU,18,2,22.6,4.7,8.3,.564,1.6,4.4,.354,3.1,3.9,.800,.658,1.3,1.6,.857,0.6,2.3,2.9,1.7,0.8,0.5,0.8,2.4,12.2
191,Blake Griffin\griffbl01,PF,30,DET,18,18,28.4,4.9,13.9,.352,1.5,6.2,.243,3.4,7.7,.439,.406,4.2,5.4,.776,0.9,3.7,4.7,3.3,0.4,0.4,2.2,1.5,15.5
192,Marko Guduric\gudurma01,SG,24,MEM,44,0,11.0,1.4,3.6,.395,0.6,1.9,.301,0.8,1.7,.500,.475,0.5,0.6,.923,0.3,1.3,1.7,1.0,0.3,0.2,0.8,0.8,3.9
193,Kyle Guy\guyky01,SG,22,SAC,3,0,3.3,0.7,1.7,.400,0.0,1.0,.000,0.7,0.7,1.000,.400,0.0,0.0,,0.0,0.3,0.3,0.3,0.0,0.0,0.0,0.3,1.3
194,Rui Hachimura\hachiru01,PF,21,WAS,48,48,30.1,5.3,11.4,.466,0.5,1.8,.287,4.8,9.5,.500,.489,2.4,2.9,.829,1.6,4.5,6.1,1.8,0.8,0.2,1.1,2.2,13.5
195,Devon Hall\hallde01,PG,24,OKC,11,0,7.4,0.5,2.7,.200,0.4,1.5,.235,0.2,1.2,.154,.267,0.4,0.7,.500,0.2,0.5,0.6,1.2,0.4,0.1,0.5,0.5,1.8
196,Donta Hall\halldo01,C-PF,22,TOT,9,0,14.8,1.7,2.4,.682,0.0,0.0,,1.7,2.4,.682,.682,1.0,2.0,.500,1.6,2.7,4.2,0.4,0.3,0.7,0.6,2.6,4.3
196,Donta Hall\halldo01,PF,22,DET,4,0,12.0,0.3,1.0,.250,0.0,0.0,,0.3,1.0,.250,.250,1.0,1.5,.667,1.5,2.3,3.8,0.5,0.3,0.3,0.5,2.3,1.5
196,Donta Hall\halldo01,C,22,BRK,5,0,17.0,2.8,3.6,.778,0.0,0.0,,2.8,3.6,.778,.778,1.0,2.4,.417,1.6,3.0,4.6,0.4,0.4,1.0,0.6,2.8,6.6
197,Dusty Hannahs\hannadu01,SG,26,MEM,2,0,6.5,2.0,4.5,.444,1.0,1.5,.667,1.0,3.0,.333,.556,1.0,1.0,1.000,0.0,0.5,0.5,0.0,0.0,0.0,0.0,0.5,6.0
198,Tim Hardaway Jr.\hardati02,SG,27,DAL,71,58,29.5,5.4,12.5,.434,2.9,7.2,.398,2.5,5.2,.485,.550,2.1,2.6,.819,0.4,2.9,3.3,1.9,0.6,0.1,1.0,1.8,15.8
199,James Harden\hardeja01,SG,30,HOU,68,68,36.5,9.9,22.3,.444,4.4,12.4,.355,5.5,9.9,.556,.543,10.2,11.8,.865,1.0,5.5,6.6,7.5,1.8,0.9,4.5,3.3,34.3
200,Maurice Harkless\harklma01,PF-SF,26,TOT,62,48,23.0,2.3,4.6,.502,0.5,1.6,.347,1.7,3.0,.584,.562,0.6,1.1,.591,0.9,3.0,3.9,1.1,0.9,0.5,0.9,2.4,5.8
200,Maurice Harkless\harklma01,PF,26,LAC,50,38,22.8,2.2,4.3,.516,0.5,1.5,.370,1.7,2.9,.590,.578,0.5,0.8,.571,0.9,3.1,4.0,1.0,1.0,0.6,0.9,2.4,5.5
200,Maurice Harkless\harklma01,SF,26,NYK,12,10,23.8,2.5,5.5,.455,0.6,2.1,.280,1.9,3.4,.561,.508,1.3,2.0,.625,0.7,2.7,3.3,1.7,0.8,0.3,0.6,2.3,6.8
201,Jared Harper\harpeja01,PG,22,PHO,3,0,2.7,0.3,1.3,.250,0.0,0.7,.000,0.3,0.7,.500,.250,0.0,0.0,,0.0,0.0,0.0,0.0,0.0,0.0,0.0,0.0,0.7
202,Montrezl Harrell\harremo01,C,26,LAC,63,2,27.8,7.5,12.9,.580,0.0,0.3,.000,7.5,12.6,.593,.580,3.7,5.6,.658,2.6,4.5,7.1,1.7,0.6,1.1,1.7,2.3,18.6
203,Gary Harris\harriga01,SG,25,DEN,56,55,31.8,3.9,9.3,.420,1.3,3.8,.333,2.6,5.5,.479,.487,1.3,1.6,.815,0.5,2.4,2.9,2.1,1.4,0.3,1.1,2.1,10.4
204,Joe Harris\harrijo01,SF,28,BRK,69,69,30.8,5.5,11.4,.486,2.5,5.9,.424,3.0,5.5,.553,.596,0.9,1.3,.719,0.9,3.4,4.3,2.1,0.6,0.2,1.5,2.3,14.5
205,Tobias Harris\harrito02,PF,27,PHI,72,72,34.3,7.7,16.3,.471,1.8,5.0,.367,5.9,11.3,.517,.527,2.4,3.0,.806,1.0,5.9,6.9,3.2,0.7,0.6,1.4,2.3,19.6
206,Shaquille Harrison\harrish01,SG,26,CHI,43,10,11.3,1.8,3.8,.467,0.4,1.0,.381,1.4,2.9,.496,.515,0.9,1.2,.780,0.5,1.5,2.0,1.1,0.8,0.4,0.4,1.3,4.9
207,Josh Hart\hartjo01,SF,24,NOP,65,16,27.0,3.5,8.2,.423,1.9,5.4,.342,1.6,2.7,.584,.537,1.3,1.8,.739,0.9,5.6,6.5,1.7,1.0,0.4,1.2,2.5,10.1
208,Isaiah Hartenstein\harteis01,C,21,HOU,23,2,11.6,1.9,2.9,.657,0.0,0.2,.000,1.9,2.7,.710,.657,0.8,1.2,.679,1.3,2.7,3.9,0.8,0.4,0.5,0.7,1.8,4.7
209,Udonis Haslem\hasleud01,C,39,MIA,4,1,11.0,1.0,2.8,.364,0.3,0.8,.333,0.8,2.0,.375,.409,0.8,1.0,.750,0.3,3.8,4.0,0.3,0.0,0.0,0.3,1.5,3.0
210,Jaxson Hayes\hayesja02,C,19,NOP,64,14,16.9,2.7,4.0,.672,0.0,0.1,.250,2.7,4.0,.678,.674,1.9,3.0,.647,1.5,2.5,4.0,0.9,0.4,0.9,0.8,2.5,7.4
211,Gordon Hayward\haywago01,SF,29,BOS,52,52,33.5,6.7,13.5,.500,1.6,4.3,.383,5.1,9.2,.554,.561,2.4,2.8,.855,1.1,5.6,6.7,4.1,0.7,0.4,1.8,1.8,17.5
212,John Henson\hensojo01,C,29,TOT,40,8,15.0,2.4,4.3,.556,0.2,0.9,.222,2.2,3.4,.644,.579,0.6,1.2,.500,1.2,2.9,4.1,1.4,0.6,1.1,0.9,2.0,5.5
212,John Henson\hensojo01,C,29,CLE,29,2,14.2,2.1,4.1,.508,0.2,1.1,.194,1.9,3.1,.618,.533,0.6,1.1,.515,1.1,2.8,3.9,1.5,0.6,1.1,0.7,1.9,5.0
212,John Henson\hensojo01,C,29,DET,11,6,17.1,3.1,4.6,.667,0.2,0.5,.400,2.9,4.2,.696,.686,0.5,1.2,.462,1.3,3.1,4.4,1.0,0.7,0.9,1.4,2.1,6.9
213,Dewan Hernandez\hernade01,C,23,TOR,6,0,4.7,0.8,2.3,.357,0.2,0.3,.500,0.7,2.0,.333,.393,0.5,0.8,.600,0.8,1.5,2.3,0.5,0.2,0.0,0.5,1.0,2.3
214,Juancho Hernangómez\hernaju01,PF,24,TOT,48,14,17.4,2.1,5.1,.405,0.9,2.7,.341,1.2,2.5,.475,.494,0.9,1.5,.620,0.9,3.2,4.1,0.8,0.4,0.2,0.7,1.3,6.0
214,Juancho Hernangómez\hernaju01,PF,24,DEN,34,0,12.4,1.1,3.2,.345,0.4,1.8,.250,0.7,1.5,.460,.414,0.5,0.7,.640,0.7,2.1,2.8,0.6,0.1,0.1,0.5,0.9,3.1
214,Juancho Hernangómez\hernaju01,PF,24,MIN,14,14,29.4,4.4,9.8,.453,2.1,4.9,.420,2.4,4.9,.485,.558,2.0,3.3,.609,1.4,5.9,7.3,1.3,1.0,0.3,1.0,2.5,12.9
215,Willy Hernangómez\hernawi01,C,25,CHO,31,0,12.1,2.4,4.5,.532,0.2,0.7,.227,2.2,3.8,.590,.550,1.2,1.9,.627,1.4,2.9,4.3,0.9,0.3,0.2,1.0,1.0,6.1
216,Tyler Herro\herroty01,SG,20,MIA,55,8,27.4,4.9,11.5,.428,2.1,5.4,.389,2.8,6.1,.462,.520,1.6,1.8,.870,0.3,3.8,4.1,2.2,0.6,0.2,1.6,1.4,13.5
217,Kevin Hervey\herveke01,PF,23,OKC,10,0,5.2,0.7,2.7,.259,0.3,2.0,.150,0.4,0.7,.571,.315,0.0,0.0,,0.1,1.1,1.2,0.5,0.1,0.1,0.0,0.4,1.7
218,Mario Hezonja\hezonma01,PF,24,POR,53,4,16.4,1.7,4.1,.422,0.5,1.5,.308,1.3,2.6,.486,.477,0.9,1.1,.814,0.6,2.9,3.5,0.9,0.7,0.2,0.8,2.0,4.8
219,Buddy Hield\hieldbu01,SG,27,SAC,72,44,30.8,6.9,16.1,.429,3.8,9.6,.394,3.2,6.6,.479,.545,1.6,1.9,.846,0.8,3.8,4.6,3.0,0.9,0.2,2.3,2.3,19.2
220,George Hill\hillge01,PG,33,MIL,59,2,21.5,3.3,6.4,.516,1.4,3.0,.460,1.9,3.4,.565,.624,1.4,1.7,.842,0.8,2.2,3.0,3.1,0.8,0.1,1.0,1.4,9.4
221,Solomon Hill\hillso01,PF,28,TOT,59,4,18.4,1.9,4.7,.396,1.1,2.9,.368,0.8,1.8,.439,.509,0.7,0.9,.741,0.5,2.3,2.8,1.8,0.7,0.2,0.9,1.4,5.5
221,Solomon Hill\hillso01,PF,28,MEM,48,3,18.8,2.0,4.9,.412,1.2,3.1,.381,0.8,1.8,.465,.532,0.5,0.8,.684,0.5,2.5,3.0,2.0,0.6,0.1,0.8,1.5,5.7
221,Solomon Hill\hillso01,PF,28,MIA,11,1,17.0,1.3,4.1,.311,0.6,2.2,.292,0.6,1.9,.333,.389,1.3,1.5,.875,0.5,1.5,1.9,0.9,1.1,0.5,1.0,1.1,4.5
222,Jaylen Hoard\hoardja01,PF,20,POR,13,0,7.9,1.2,2.5,.469,0.0,0.2,.000,1.2,2.2,.517,.469,0.6,1.0,.615,1.1,1.4,2.5,0.3,0.4,0.0,0.3,0.9,2.9
223,Aaron Holiday\holidaa01,PG,23,IND,66,33,24.5,3.5,8.5,.414,1.3,3.3,.394,2.2,5.2,.427,.491,1.1,1.3,.851,0.3,2.0,2.4,3.4,0.8,0.2,1.3,1.8,9.5
224,Jrue Holiday\holidjr01,SG,29,NOP,61,61,34.7,7.5,16.5,.455,2.0,5.7,.353,5.5,10.8,.509,.516,2.1,3.0,.709,1.3,3.5,4.8,6.7,1.6,0.8,3.0,2.4,19.1
225,Justin Holiday\holidju01,SF,30,IND,73,6,25.0,2.8,6.7,.428,1.8,4.5,.405,1.0,2.1,.477,.566,0.7,0.9,.791,0.4,2.8,3.3,1.3,1.2,0.6,0.6,1.9,8.3
226,Rondae Hollis-Jefferson\holliro01,PF,25,TOR,60,6,18.7,2.6,5.5,.471,0.1,0.4,.130,2.5,5.1,.497,.476,1.8,2.4,.734,1.8,2.9,4.7,1.8,0.8,0.4,1.0,1.9,7.0
227,Richaun Holmes\holmeri01,C,26,SAC,44,38,28.2,5.1,7.8,.648,0.0,0.0,,5.1,7.8,.648,.648,2.1,2.7,.788,2.9,5.3,8.1,1.0,0.9,1.3,1.2,3.8,12.3
228,Rodney Hood\hoodro01,SF,27,POR,21,21,29.5,4.1,8.2,.506,1.7,3.4,.493,2.5,4.8,.515,.608,1.0,1.3,.778,0.5,3.0,3.4,1.5,0.8,0.2,0.9,2.2,11.0
229,Al Horford\horfoal01,C,33,PHI,67,61,30.2,4.8,10.6,.450,1.5,4.2,.350,3.3,6.4,.516,.520,0.9,1.2,.763,1.5,5.3,6.8,4.0,0.8,0.9,1.2,2.1,11.9
230,Talen Horton-Tucker\hortota01,SG,19,LAL,6,1,13.5,2.3,5.0,.467,0.7,2.2,.308,1.7,2.8,.588,.533,0.3,0.7,.500,0.3,0.8,1.2,1.0,1.3,0.2,1.0,1.7,5.7
231,Danuel House Jr.\houseda01,SF,26,HOU,63,52,30.4,3.7,8.6,.427,2.0,5.6,.363,1.6,2.9,.549,.546,1.2,1.4,.811,0.9,3.3,4.2,1.3,1.1,0.5,0.9,2.1,10.5
232,Dwight Howard\howardw01,C,34,LAL,69,2,18.9,2.9,4.0,.729,0.0,0.1,.600,2.9,3.9,.732,.735,1.6,3.1,.514,2.5,4.9,7.3,0.7,0.4,1.1,1.2,3.2,7.5
233,William Howard\howarwi01,PF,26,HOU,2,0,6.5,0.0,2.0,.000,0.0,2.0,.000,0.0,0.0,,.000,0.0,0.0,,0.0,1.0,1.0,0.5,0.0,0.0,0.5,0.5,0.0
234,Kevin Huerter\huertke01,SG,21,ATL,56,48,31.4,4.5,10.9,.413,2.3,6.0,.380,2.2,4.9,.453,.517,0.9,1.1,.828,0.6,3.4,4.1,3.8,0.9,0.5,1.6,2.5,12.2
235,De'Andre Hunter\huntede01,SF,22,ATL,63,62,32.0,4.4,10.8,.410,1.7,4.8,.355,2.7,6.0,.454,.489,1.7,2.3,.764,0.7,3.8,4.5,1.8,0.7,0.3,1.6,2.9,12.3
236,Chandler Hutchison\hutchch01,SF,23,CHI,28,10,18.8,2.9,6.3,.457,0.4,1.4,.316,2.4,4.9,.496,.491,1.6,2.8,.590,0.6,3.2,3.9,0.9,1.0,0.3,1.0,1.7,7.8
237,Serge Ibaka\ibakase01,C,30,TOR,55,27,27.0,6.2,12.2,.512,1.3,3.3,.385,5.0,8.9,.559,.564,1.6,2.3,.718,2.1,6.1,8.2,1.4,0.5,0.8,2.0,2.8,15.4
238,Andre Iguodala\iguodan01,SF,36,MIA,21,0,19.9,1.8,4.2,.432,0.7,2.2,.298,1.1,2.0,.585,.511,0.3,0.7,.400,0.8,2.9,3.7,2.4,0.7,1.0,1.2,1.7,4.6
239,Ersan İlyasova\ilyaser01,PF,32,MIL,63,8,15.7,2.3,5.0,.466,0.8,2.2,.365,1.5,2.8,.545,.546,1.1,1.4,.828,1.0,3.8,4.8,0.8,0.4,0.3,0.5,1.5,6.6
240,Joe Ingles\inglejo01,PF,32,UTA,72,45,29.7,3.4,7.7,.445,2.0,4.9,.399,1.5,2.8,.525,.572,1.0,1.3,.787,0.4,3.5,3.9,5.2,0.9,0.2,2.0,2.1,9.8
241,Brandon Ingram\ingrabr01,PF,22,NOP,62,62,33.9,8.2,17.7,.463,2.4,6.2,.391,5.8,11.5,.501,.531,5.0,5.9,.851,0.8,5.3,6.1,4.2,1.0,0.6,3.0,2.9,23.8
242,Kyrie Irving\irvinky01,PG,27,BRK,20,20,32.9,10.0,20.8,.478,2.8,7.1,.394,7.2,13.7,.522,.546,4.7,5.1,.922,1.1,4.1,5.2,6.4,1.4,0.5,2.6,2.7,27.4
243,Jonathan Isaac\isaacjo01,PF,22,ORL,34,32,28.8,4.6,9.8,.470,0.9,2.8,.340,3.6,7.0,.521,.518,1.8,2.3,.779,1.7,5.1,6.8,1.4,1.6,2.3,1.4,2.4,11.9
244,Wes Iwundu\iwundwe01,SF,25,ORL,52,21,18.3,1.9,4.5,.416,0.5,1.6,.341,1.3,2.9,.457,.476,1.5,1.9,.804,0.5,2.1,2.5,1.2,0.5,0.3,0.5,1.5,5.8
245,Frank Jackson\jacksfr01,PG,21,NOP,59,2,13.5,2.3,5.6,.405,0.8,2.4,.326,1.5,3.2,.465,.476,0.9,1.3,.747,0.4,1.0,1.4,1.0,0.3,0.1,0.8,1.3,6.3
246,Jaren Jackson Jr.\jacksja02,C,20,MEM,57,57,28.5,6.2,13.2,.469,2.5,6.5,.394,3.6,6.8,.540,.565,2.4,3.3,.747,1.0,3.6,4.6,1.4,0.7,1.6,1.7,4.1,17.4
247,Josh Jackson\jacksjo02,SF,22,MEM,22,0,17.3,3.2,7.2,.440,1.0,3.3,.319,2.1,4.0,.540,.513,1.6,2.3,.700,0.5,2.5,3.0,1.6,0.8,0.4,1.3,1.8,9.0
248,Justin Jackson\jacksju01,PF,24,DAL,65,3,16.1,2.1,5.2,.396,0.7,2.5,.294,1.3,2.7,.489,.466,0.6,0.8,.840,0.4,2.0,2.4,0.8,0.2,0.2,0.2,1.1,5.5
249,Reggie Jackson\jacksre01,SG-PG,29,TOT,31,16,24.0,4.3,10.5,.411,1.8,4.7,.393,2.5,5.8,.425,.498,1.5,1.7,.833,0.5,2.4,3.0,4.1,0.4,0.2,1.6,1.9,11.9
249,Reggie Jackson\jacksre01,PG,29,DET,14,10,27.2,5.4,14.1,.384,2.2,5.9,.378,3.2,8.3,.388,.462,1.9,2.4,.788,0.8,2.1,2.9,5.1,0.6,0.1,1.6,1.5,14.9
249,Reggie Jackson\jacksre01,SG,29,LAC,17,6,21.3,3.4,7.5,.453,1.5,3.7,.413,1.9,3.8,.492,.555,1.1,1.2,.905,0.4,2.6,3.0,3.2,0.3,0.2,1.6,2.2,9.5
250,Justin James\jamesju01,SF,23,SAC,36,0,6.4,1.0,2.3,.417,0.3,0.8,.310,0.7,1.5,.473,.470,0.3,0.6,.476,0.2,0.7,0.9,0.5,0.2,0.3,0.2,0.5,2.5
251,LeBron James\jamesle01,PG,35,LAL,67,67,34.6,9.6,19.4,.493,2.2,6.3,.348,7.4,13.1,.564,.550,3.9,5.7,.693,1.0,6.9,7.8,10.2,1.2,0.5,3.9,1.8,25.3
252,Amile Jefferson\jeffeam01,PF,26,ORL,18,0,4.1,0.3,0.8,.357,0.0,0.0,,0.3,0.8,.357,.357,0.3,0.8,.357,0.6,0.7,1.3,0.2,0.1,0.2,0.2,0.4,0.8
253,DaQuan Jeffries\jeffrda01,SG,22,SAC,13,0,10.8,1.5,3.1,.500,0.4,1.4,.278,1.2,1.7,.682,.563,0.4,0.5,.833,0.2,1.2,1.4,0.5,0.3,0.1,0.2,1.5,3.8
254,Ty Jerome\jeromty01,SG,22,PHO,31,0,10.6,1.2,3.6,.336,0.5,1.6,.280,0.8,2.0,.381,.398,0.4,0.5,.750,0.2,1.3,1.5,1.4,0.5,0.1,0.6,0.9,3.3
255,Alize Johnson\johnsal02,PF,23,IND,17,1,6.9,0.7,1.7,.414,0.2,0.5,.375,0.5,1.2,.429,.466,0.4,0.6,.700,0.9,1.9,2.8,0.4,0.2,0.1,0.4,0.7,2.0
256,B.J. Johnson\johnsbj01,SF,24,ORL,10,0,8.3,0.9,3.2,.281,0.3,0.9,.333,0.6,2.3,.261,.328,0.9,1.0,.900,0.3,1.2,1.5,0.3,0.3,0.0,0.6,0.3,3.0
257,Cameron Johnson\johnsca02,PF,23,PHO,57,9,22.0,3.1,7.1,.435,1.9,4.8,.390,1.2,2.3,.526,.565,0.8,1.0,.807,0.9,2.4,3.3,1.2,0.6,0.4,0.6,1.5,8.8
258,James Johnson\johnsja01,PF-C,32,TOT,32,1,19.3,3.2,6.7,.479,1.0,2.8,.363,2.2,3.9,.565,.556,1.0,1.5,.646,0.8,2.9,3.7,2.3,0.8,1.0,1.5,2.5,8.4
258,James Johnson\johnsja01,PF,32,MIA,18,0,15.6,2.2,4.8,.448,0.9,2.5,.356,1.3,2.3,.548,.540,0.4,0.8,.571,0.4,2.4,2.9,1.2,0.3,0.7,0.8,1.9,5.7
258,James Johnson\johnsja01,C,32,MIN,14,1,24.1,4.6,9.1,.500,1.2,3.3,.370,3.4,5.9,.573,.566,1.6,2.4,.676,1.2,3.5,4.7,3.8,1.4,1.4,2.4,3.3,12.0
259,Keldon Johnson\johnske04,SF,20,SAS,17,1,17.7,3.1,5.2,.596,0.8,1.3,.591,2.4,3.9,.597,.669,2.1,2.6,.795,0.6,2.8,3.4,0.9,0.8,0.1,0.8,1.6,9.1
260,Stanley Johnson\johnsst04,PF,23,TOR,25,0,6.0,0.9,2.4,.373,0.3,1.0,.292,0.6,1.4,.429,.432,0.4,0.6,.563,0.3,1.2,1.5,0.8,0.2,0.2,0.6,0.6,2.4
261,Tyler Johnson\johnsty01,PG-SG,27,TOT,39,7,18.2,2.5,6.4,.388,1.0,3.1,.319,1.5,3.4,.450,.464,1.1,1.3,.840,0.5,1.5,1.9,1.9,0.4,0.2,0.7,1.5,7.0
261,Tyler Johnson\johnsty01,PG,27,PHO,31,3,16.6,2.1,5.5,.380,0.8,2.7,.289,1.3,2.8,.466,.450,0.8,1.0,.750,0.3,1.4,1.7,1.6,0.4,0.3,0.8,1.4,5.7
261,Tyler Johnson\johnsty01,SG,27,BRK,8,4,24.3,4.0,9.9,.405,1.8,4.5,.389,2.3,5.4,.419,.494,2.3,2.3,1.000,1.0,2.0,3.0,3.0,0.5,0.1,0.6,1.9,12.0
262,Nikola Jokić\jokicni01,C,24,DEN,73,73,32.0,7.7,14.7,.528,1.1,3.5,.314,6.6,11.2,.594,.565,3.4,4.1,.817,2.3,7.5,9.7,7.0,1.2,0.6,3.1,3.0,19.9
263,Damian Jones\jonesda03,C,24,ATL,55,27,16.1,2.2,3.2,.680,0.0,0.2,.222,2.2,3.1,.704,.685,1.1,1.5,.738,1.3,2.4,3.7,0.6,0.5,0.7,0.5,2.7,5.6
264,Derrick Jones Jr.\jonesde02,SF,22,MIA,59,16,23.3,3.1,5.9,.527,0.6,2.2,.280,2.5,3.7,.677,.580,1.6,2.1,.772,1.1,2.8,3.9,1.1,1.0,0.6,0.5,2.2,8.5
265,Tyus Jones\jonesty01,PG,23,MEM,65,6,19.0,3.0,6.6,.459,0.7,1.9,.379,2.3,4.7,.492,.514,0.7,0.9,.741,0.1,1.4,1.6,4.4,0.9,0.1,0.8,0.7,7.4
266,DeAndre Jordan\jordade01,C,31,BRK,56,6,22.0,3.4,5.1,.666,0.0,0.0,,3.4,5.1,.666,.666,1.5,2.2,.680,2.5,7.5,10.0,1.9,0.3,0.9,1.3,2.0,8.3
267,Cory Joseph\josepco01,PG,28,SAC,72,26,24.4,2.4,5.7,.415,0.8,2.2,.352,1.6,3.5,.455,.483,0.8,1.0,.857,0.6,2.0,2.6,3.5,0.7,0.3,1.1,1.8,6.4
268,Mfiondu Kabengele\kabenmf01,C,22,LAC,12,0,5.3,1.2,2.7,.438,0.8,1.7,.450,0.4,1.0,.417,.578,0.4,0.4,1.000,0.1,0.8,0.9,0.2,0.2,0.2,0.2,0.8,3.5
269,Frank Kaminsky\kaminfr01,C,26,PHO,39,13,19.9,3.5,7.9,.450,1.1,3.2,.331,2.5,4.7,.530,.516,1.6,2.3,.678,0.9,3.6,4.5,1.9,0.4,0.3,0.9,1.9,9.7
270,Luke Kennard\kennalu01,SG,23,DET,28,25,32.9,5.4,12.2,.442,2.6,6.5,.399,2.8,5.7,.491,.548,2.4,2.7,.893,0.3,3.2,3.5,4.1,0.4,0.2,1.5,2.3,15.8
271,Stanton Kidd\kiddst01,SG,27,UTA,4,0,3.8,0.0,0.8,.000,0.0,0.3,.000,0.0,0.5,.000,.000,0.0,0.0,,0.0,0.8,0.8,0.3,0.0,0.0,0.5,0.8,0.0
272,Michael Kidd-Gilchrist\kiddgmi01,PF,26,TOT,25,0,11.2,0.9,2.6,.333,0.2,0.8,.250,0.7,1.8,.370,.371,0.4,0.6,.786,0.6,2.1,2.7,0.6,0.1,0.2,0.6,1.5,2.4
272,Michael Kidd-Gilchrist\kiddgmi01,PF,26,CHO,12,0,13.3,1.5,4.4,.340,0.4,1.4,.294,1.1,3.0,.361,.387,0.6,0.8,.778,0.8,2.2,2.9,0.8,0.0,0.3,0.6,1.5,4.0
272,Michael Kidd-Gilchrist\kiddgmi01,PF,26,DAL,13,0,9.3,0.3,1.0,.308,0.0,0.2,.000,0.3,0.8,.400,.308,0.3,0.4,.800,0.4,2.1,2.5,0.3,0.2,0.2,0.7,1.5,0.9
273,Louis King\kinglo02,SF,20,DET,10,0,6.2,0.8,2.1,.381,0.4,1.1,.364,0.4,1.0,.400,.476,0.0,0.3,.000,0.1,0.9,1.0,0.5,0.2,0.0,0.2,1.0,2.0
274,Maxi Kleber\klebima01,PF,28,DAL,74,21,25.5,3.2,6.9,.461,1.6,4.3,.373,1.6,2.6,.605,.577,1.1,1.3,.849,1.5,3.7,5.2,1.2,0.3,1.1,0.8,2.4,9.1
275,Brandon Knight\knighbr03,SG-PG,28,TOT,25,3,18.5,2.4,6.7,.353,1.8,5.2,.344,0.6,1.4,.389,.488,0.8,1.4,.588,0.2,1.5,1.6,2.8,0.4,0.1,1.5,1.6,7.3
275,Brandon Knight\knighbr03,SG,28,CLE,16,0,15.1,1.8,5.4,.326,1.2,4.0,.297,0.6,1.4,.409,.436,0.3,0.8,.308,0.2,1.1,1.3,1.9,0.3,0.1,1.0,1.3,4.9
275,Brandon Knight\knighbr03,PG,28,DET,9,3,24.6,3.4,9.0,.383,2.9,7.4,.388,0.6,1.6,.357,.543,1.8,2.3,.762,0.1,2.2,2.3,4.2,0.6,0.1,2.4,2.2,11.6
276,Kevin Knox\knoxke01,SF,20,NYK,65,4,17.9,2.2,6.2,.359,1.0,3.1,.327,1.2,3.1,.391,.440,1.0,1.6,.653,0.4,2.4,2.8,0.9,0.4,0.4,0.7,1.6,6.4
277,John Konchar\konchjo01,SG,23,MEM,19,0,9.5,1.3,1.9,.649,0.3,0.5,.500,1.0,1.4,.704,.716,0.1,0.1,.500,0.9,1.5,2.5,1.2,0.4,0.2,0.4,0.4,2.8
278,Furkan Korkmaz\korkmfu01,SG,22,PHI,72,12,21.7,3.4,7.8,.430,2.0,4.9,.402,1.4,2.9,.478,.557,1.1,1.4,.755,0.3,2.1,2.3,1.1,0.6,0.2,0.8,1.4,9.8
279,Luke Kornet\kornelu01,C,24,CHI,36,14,15.5,2.3,5.2,.439,0.9,3.0,.287,1.4,2.2,.646,.521,0.6,0.8,.714,0.6,1.7,2.3,0.9,0.3,0.7,0.4,1.5,6.0
280,Kyle Korver\korveky01,SF,38,MIL,58,1,16.6,2.2,5.1,.430,1.7,4.1,.418,0.5,1.0,.482,.599,0.6,0.7,.854,0.3,1.8,2.1,1.2,0.4,0.2,0.8,1.3,6.7
281,Rodions Kurucs\kurucro01,PF,21,BRK,47,9,14.6,1.7,3.8,.446,0.7,1.9,.367,1.0,1.9,.529,.540,0.5,0.8,.632,0.5,2.4,2.9,1.1,0.5,0.1,1.0,1.9,4.6
282,Kyle Kuzma\kuzmaky01,PF,24,LAL,61,9,25.0,4.8,11.0,.436,1.4,4.5,.316,3.4,6.5,.518,.500,1.9,2.5,.735,0.9,3.6,4.5,1.3,0.5,0.4,1.5,2.1,12.8
283,Skal Labissière\labissk01,C,23,POR,33,1,17.2,2.5,4.5,.551,0.1,0.4,.231,2.4,4.1,.582,.561,0.8,1.0,.758,2.0,3.2,5.1,1.3,0.2,0.9,0.9,2.7,5.8
284,Jeremy Lamb\lambje01,SG,27,IND,46,42,28.1,4.7,10.4,.451,1.2,3.4,.335,3.5,7.0,.508,.506,2.0,2.4,.836,0.5,3.8,4.3,2.1,1.2,0.5,1.1,2.3,12.5
285,Romeo Langford\langfro01,SG,20,BOS,32,2,11.6,0.9,2.5,.350,0.2,0.8,.185,0.7,1.7,.434,.381,0.6,0.8,.720,0.5,0.8,1.3,0.4,0.3,0.3,0.3,1.0,2.5
286,Zach LaVine\lavinza01,SF,24,CHI,60,60,34.8,9.0,20.0,.450,3.1,8.1,.380,5.9,11.9,.497,.526,4.5,5.6,.802,0.7,4.1,4.8,4.2,1.5,0.5,3.4,2.2,25.5
287,Vic Law\lawvi01,PF,24,ORL,8,0,7.8,0.8,2.3,.333,0.1,0.9,.143,0.6,1.4,.455,.361,0.3,0.8,.333,0.3,1.1,1.4,0.4,0.3,0.0,0.3,0.8,1.9
288,Jake Layman\laymaja01,SF,25,MIN,23,2,22.0,3.5,7.8,.453,1.0,3.1,.333,2.5,4.7,.533,.520,1.0,1.4,.750,0.7,1.7,2.5,0.7,0.7,0.4,1.0,2.0,9.1
289,T.J. Leaf\leaftj01,PF,22,IND,28,1,7.9,1.3,3.1,.419,0.2,0.6,.278,1.1,2.4,.456,.448,0.3,0.6,.438,0.8,1.7,2.5,0.3,0.4,0.1,0.3,0.8,3.0
290,Jalen Lecque\lecquja01,SG,19,PHO,5,0,6.4,0.8,2.0,.400,0.0,0.8,.000,0.8,1.2,.667,.400,0.4,0.4,1.000,0.0,0.4,0.4,0.4,0.0,0.0,0.4,0.6,2.0
291,Courtney Lee\leeco01,SG,34,DAL,24,9,14.4,1.7,3.4,.488,0.9,2.0,.447,0.8,1.5,.543,.616,0.3,0.3,.857,0.3,1.0,1.3,0.5,0.8,0.3,0.5,1.4,4.5
292,Damion Lee\leeda03,SG,27,GSW,49,36,29.0,4.3,10.4,.417,1.7,4.9,.356,2.6,5.6,.471,.500,2.2,2.6,.873,0.7,4.2,4.9,2.7,1.0,0.1,1.4,2.4,12.7
293,Alex Len\lenal01,C,26,TOT,55,12,17.6,3.2,5.8,.555,0.3,1.1,.271,2.9,4.7,.619,.580,1.2,1.9,.648,1.8,4.0,5.8,0.9,0.4,0.9,1.0,2.3,8.0
293,Alex Len\lenal01,C,26,ATL,40,9,18.6,3.6,6.5,.546,0.4,1.4,.250,3.2,5.1,.627,.573,1.3,2.0,.630,1.7,4.0,5.8,1.1,0.5,0.8,1.0,2.3,8.7
293,Alex Len\lenal01,C,26,SAC,15,3,15.0,2.3,3.9,.593,0.1,0.2,.667,2.2,3.7,.589,.610,1.1,1.6,.708,2.1,4.0,6.1,0.5,0.2,1.0,1.1,2.3,5.9
294,Kawhi Leonard\leonaka01,SF,28,LAC,57,57,32.4,9.3,19.9,.470,2.2,5.7,.378,7.2,14.2,.506,.524,6.2,7.1,.886,0.9,6.1,7.1,4.9,1.8,0.6,2.6,2.0,27.1
295,Meyers Leonard\leoname01,C,27,MIA,51,49,20.3,2.3,4.6,.509,1.0,2.5,.414,1.3,2.1,.623,.622,0.4,0.5,.643,0.6,4.5,5.1,1.1,0.3,0.3,0.8,2.1,6.1
296,Caris LeVert\leverca01,SG,25,BRK,45,31,29.6,6.9,16.3,.425,1.8,4.9,.364,5.1,11.4,.451,.480,3.1,4.4,.711,1.1,3.1,4.2,4.4,1.2,0.2,2.6,1.8,18.7
297,Damian Lillard\lillada01,PG,29,POR,66,66,37.5,9.5,20.4,.463,4.1,10.2,.401,5.4,10.2,.524,.563,7.0,7.8,.888,0.5,3.8,4.3,8.0,1.1,0.3,2.9,1.7,30.0
298,Nassir Little\littlna01,PF,19,POR,48,5,11.9,1.4,3.1,.430,0.3,1.2,.237,1.1,1.9,.554,.477,0.6,0.9,.636,0.6,1.6,2.3,0.5,0.3,0.3,0.3,1.5,3.6
299,Kevon Looney\looneke01,C,23,GSW,20,4,13.1,1.5,4.0,.367,0.1,0.7,.071,1.4,3.3,.431,.373,0.5,0.6,.750,1.4,1.9,3.3,1.0,0.6,0.3,0.6,1.7,3.4
300,Brook Lopez\lopezbr01,C,31,MIL,68,67,26.7,4.3,9.9,.435,1.5,4.8,.314,2.8,5.1,.549,.511,1.9,2.2,.836,0.9,3.7,4.6,1.5,0.7,2.4,1.0,2.4,12.0
301,Robin Lopez\lopezro01,C,31,MIL,66,5,14.5,2.2,4.5,.492,0.5,1.6,.333,1.7,2.9,.577,.550,0.4,0.8,.528,0.8,1.6,2.4,0.7,0.2,0.7,1.0,1.5,5.4
302,Kevin Love\loveke01,PF,31,CLE,56,56,31.8,5.8,13.0,.450,2.6,7.0,.374,3.2,6.0,.537,.550,3.3,3.9,.854,1.0,8.8,9.8,3.2,0.6,0.3,2.5,1.6,17.6
303,Kyle Lowry\lowryky01,PG,33,TOR,58,58,36.2,5.8,13.8,.416,2.8,8.0,.352,2.9,5.8,.504,.518,5.1,5.9,.857,0.6,4.5,5.0,7.5,1.4,0.4,3.1,3.3,19.4
304,Timothé Luwawu-Cabarrot\luwawti01,SF,24,BRK,47,2,18.1,2.5,5.7,.435,1.3,3.4,.388,1.2,2.3,.505,.550,1.5,1.7,.852,0.6,2.1,2.7,0.6,0.4,0.1,0.8,2.3,7.8
305,Trey Lyles\lylestr01,PF,24,SAS,63,53,20.2,2.4,5.4,.446,1.0,2.7,.387,1.4,2.8,.503,.541,0.5,0.7,.733,1.1,4.6,5.7,1.1,0.4,0.4,0.6,1.6,6.4
306,Daryl Macon\maconda01,PG,24,MIA,4,0,3.5,0.3,0.8,.333,0.3,0.5,.500,0.0,0.3,.000,.500,0.0,0.0,,0.0,0.0,0.0,0.3,0.0,0.0,0.5,0.3,0.8
307,J.P. Macura\macurjp01,SG,24,CLE,1,0,1.0,0.0,0.0,,0.0,0.0,,0.0,0.0,,,0.0,0.0,,0.0,0.0,0.0,0.0,0.0,0.0,0.0,0.0,0.0
308,Josh Magette\magetjo01,PG,30,ORL,8,0,4.8,0.6,1.9,.333,0.1,0.5,.250,0.5,1.4,.364,.367,0.1,0.3,.500,0.1,0.6,0.8,0.6,0.4,0.1,0.6,0.5,1.5
309,Ian Mahinmi\mahinia01,C,33,WAS,38,35,21.3,2.7,5.5,.495,0.1,0.7,.192,2.6,4.8,.538,.507,1.8,3.0,.619,2.1,3.7,5.7,1.3,0.8,1.2,1.2,3.0,7.4
310,Thon Maker\makerth01,C,22,DET,60,14,12.9,1.6,3.2,.482,0.4,1.1,.344,1.2,2.2,.550,.539,1.2,1.8,.664,0.9,1.9,2.8,0.7,0.4,0.7,0.8,1.7,4.7
311,Terance Mann\mannte01,SF,23,LAC,41,6,8.8,0.9,1.9,.468,0.2,0.5,.350,0.7,1.4,.508,.513,0.4,0.7,.667,0.2,1.1,1.3,1.3,0.3,0.1,0.4,1.1,2.4
312,Boban Marjanović\marjabo01,C,31,DAL,44,5,9.6,2.8,4.8,.573,0.1,0.4,.235,2.7,4.4,.603,.583,1.0,1.3,.754,1.5,3.0,4.5,0.5,0.2,0.2,0.7,1.3,6.6
313,Lauri Markkanen\markkla01,PF,22,CHI,50,50,29.8,5.0,11.8,.425,2.2,6.3,.344,2.8,5.5,.518,.517,2.5,3.1,.824,1.2,5.1,6.3,1.5,0.8,0.5,1.6,1.9,14.7
314,Caleb Martin\martica02,SF,24,CHO,18,1,17.6,2.1,4.7,.440,1.1,2.1,.541,0.9,2.6,.362,.560,0.9,1.2,.810,0.6,1.6,2.1,1.3,0.7,0.4,0.8,1.8,6.2
315,Cody Martin\martico01,SF,24,CHO,48,3,18.8,1.9,4.3,.430,0.4,1.6,.234,1.5,2.7,.546,.473,0.9,1.4,.646,0.8,2.5,3.3,2.0,0.8,0.2,0.9,1.6,5.0
316,Jeremiah Martin\martije02,PG,23,BRK,9,0,11.0,2.7,5.9,.453,0.6,2.0,.278,2.1,3.9,.543,.500,1.2,1.6,.786,0.1,1.0,1.1,2.0,0.8,0.2,0.4,0.8,7.1
317,Kelan Martin\martike03,SF,24,MIN,31,4,16.0,2.3,5.8,.392,0.8,3.1,.260,1.5,2.7,.541,.461,1.0,1.0,.968,0.4,2.7,3.1,0.7,0.2,0.3,0.6,1.6,6.4
318,Frank Mason III\masonfr01,PG,25,MIL,9,0,13.1,2.6,5.7,.451,0.7,2.3,.286,1.9,3.3,.567,.510,1.1,1.9,.588,0.6,1.6,2.1,3.2,0.6,0.1,1.2,1.2,6.9
319,Garrison Mathews\mathega01,SG,23,WAS,18,0,12.6,1.3,3.1,.429,1.1,2.6,.413,0.3,0.6,.500,.598,1.7,1.9,.912,0.3,1.0,1.3,0.6,0.4,0.1,0.4,1.8,5.4
320,Wesley Matthews\matthwe02,SG,33,MIL,67,67,24.4,2.5,6.3,.396,1.6,4.4,.364,0.9,1.9,.472,.524,0.8,1.0,.765,0.3,2.1,2.5,1.4,0.6,0.1,0.6,1.5,7.4
321,Luc Mbah a Moute\mbahalu01,PF,33,HOU,3,0,8.3,0.7,1.7,.400,0.0,0.7,.000,0.7,1.0,.667,.400,0.3,0.7,.500,0.3,0.3,0.7,0.0,0.7,0.0,0.3,0.0,1.7
322,Patrick McCaw\mccawpa01,SF,24,TOR,37,12,24.5,1.8,4.4,.414,0.6,1.9,.324,1.2,2.5,.484,.485,0.4,0.5,.722,0.5,1.8,2.3,2.1,1.1,0.1,0.8,1.6,4.6
323,CJ McCollum\mccolcj01,SG,28,POR,70,70,36.5,8.7,19.4,.451,2.8,7.3,.379,6.0,12.1,.494,.522,2.0,2.6,.757,0.7,3.6,4.2,4.4,0.8,0.6,1.8,2.6,22.2
324,T.J. McConnell\mccontj01,PG,27,IND,71,3,18.7,3.0,5.8,.516,0.1,0.2,.294,2.9,5.5,.525,.522,0.5,0.6,.833,0.5,2.1,2.7,5.0,0.8,0.2,1.4,1.0,6.5
325,Jalen McDaniels\mcdanja01,SF,22,CHO,16,0,18.3,2.1,4.4,.471,0.6,1.5,.375,1.5,2.9,.522,.536,0.9,1.1,.824,0.9,3.1,4.1,0.8,0.5,0.2,0.7,2.3,5.6
326,Doug McDermott\mcderdo01,PF,28,IND,69,0,19.9,3.9,7.9,.488,1.9,4.3,.435,2.0,3.7,.549,.605,0.7,0.8,.828,0.4,2.1,2.5,1.1,0.2,0.1,0.6,1.7,10.3
327,JaVale McGee\mcgeeja01,C,32,LAL,68,68,16.6,2.9,4.5,.637,0.0,0.1,.500,2.8,4.4,.640,.642,0.8,1.2,.646,1.8,3.9,5.7,0.5,0.5,1.4,0.8,2.3,6.6
328,Rodney McGruder\mcgruro01,SG,28,LAC,56,4,15.6,1.3,3.2,.398,0.4,1.6,.270,0.9,1.6,.522,.464,0.3,0.6,.559,0.5,2.2,2.7,0.6,0.5,0.1,0.4,1.3,3.3
329,Alfonzo McKinnie\mckinal01,SF,27,CLE,40,1,14.8,1.8,4.3,.427,0.4,1.6,.215,1.5,2.7,.557,.468,0.6,0.8,.710,0.9,1.9,2.8,0.4,0.6,0.2,0.7,1.8,4.6
330,Jordan McLaughlin\mclaujo01,PG,23,MIN,30,2,19.7,2.9,5.9,.489,1.0,2.5,.382,1.9,3.4,.569,.570,0.9,1.3,.667,0.2,1.4,1.6,4.2,1.1,0.1,1.0,1.0,7.6
331,Ben McLemore\mclembe01,SF,26,HOU,71,23,22.8,3.4,7.7,.444,2.5,6.4,.400,0.9,1.3,.656,.610,0.7,0.9,.746,0.3,1.9,2.2,0.8,0.6,0.2,0.7,2.2,10.1
332,Jordan McRae\mcraejo01,SG,28,TOT,37,4,21.2,4.0,9.9,.407,1.2,3.4,.357,2.8,6.5,.433,.469,2.2,2.9,.761,0.5,2.9,3.4,2.5,0.6,0.4,1.2,2.0,11.5
332,Jordan McRae\mcraejo01,SG,28,WAS,29,4,22.6,4.6,10.9,.420,1.4,3.7,.377,3.2,7.3,.441,.483,2.2,2.9,.771,0.6,3.0,3.6,2.8,0.7,0.5,1.3,2.1,12.8
332,Jordan McRae\mcraejo01,SG,28,DEN,4,0,8.0,0.5,1.5,.333,0.5,1.0,.500,0.0,0.5,.000,.500,0.8,1.0,.750,0.3,1.0,1.3,1.0,0.5,0.3,0.0,0.5,2.3
332,Jordan McRae\mcraejo01,SG,28,DET,4,0,24.5,3.5,10.8,.326,0.8,4.0,.188,2.8,6.8,.407,.360,4.0,5.5,.727,0.0,3.8,3.8,1.8,0.0,0.0,1.3,2.5,11.8
333,Nicolò Melli\mellini01,C,29,NOP,60,8,17.4,2.3,5.4,.421,1.2,3.4,.335,1.1,2.0,.573,.528,0.9,1.2,.740,0.6,2.4,3.0,1.4,0.6,0.4,0.8,2.1,6.6
334,De'Anthony Melton\meltode01,PG,21,MEM,60,8,19.5,2.7,6.7,.401,0.7,2.3,.286,2.0,4.4,.464,.451,1.6,2.0,.769,0.7,3.0,3.7,2.9,1.3,0.3,1.4,1.8,7.6
335,Chimezie Metu\metuch01,C,22,SAS,18,0,5.8,1.3,2.3,.571,0.0,0.1,.000,1.3,2.2,.600,.571,0.6,0.7,.769,0.7,1.2,1.8,0.6,0.2,0.3,0.6,0.4,3.2
336,Khris Middleton\middlkh01,SF,28,MIL,62,59,29.9,7.6,15.3,.497,2.4,5.7,.415,5.2,9.6,.546,.575,3.4,3.7,.916,0.7,5.5,6.2,4.3,0.9,0.1,2.2,2.3,20.9
337,Eric Mika\mikaer01,C,25,SAC,1,0,19.0,2.0,3.0,.667,0.0,0.0,,2.0,3.0,.667,.667,2.0,2.0,1.000,2.0,5.0,7.0,0.0,0.0,0.0,0.0,5.0,6.0
338,C.J. Miles\milescj01,SF,32,WAS,10,0,16.1,1.9,5.9,.322,1.1,3.5,.314,0.8,2.4,.333,.415,1.5,2.0,.750,0.4,0.8,1.2,1.2,1.0,0.4,0.4,1.4,6.4
339,Malcolm Miller\millema01,SF,26,TOR,28,1,5.8,0.4,1.0,.414,0.3,0.8,.364,0.1,0.3,.571,.552,0.1,0.3,.375,0.1,0.5,0.6,0.4,0.2,0.1,0.1,0.6,1.3
340,Patty Mills\millspa02,PG,31,SAS,66,1,22.5,3.9,9.1,.431,2.3,6.1,.382,1.6,3.0,.533,.560,1.5,1.7,.866,0.3,1.3,1.6,1.8,0.8,0.1,0.8,1.6,11.6
341,Paul Millsap\millspa01,PF,34,DEN,51,48,24.3,4.1,8.6,.482,1.1,2.4,.435,3.1,6.2,.500,.543,2.3,2.8,.816,1.9,3.8,5.7,1.6,0.9,0.6,1.4,2.9,11.6
342,Shake Milton\miltosh01,SG,23,PHI,40,24,20.1,3.4,6.9,.484,1.5,3.4,.430,1.9,3.6,.535,.588,1.3,1.6,.785,0.4,1.8,2.2,2.6,0.5,0.2,1.2,2.3,9.4
343,Donovan Mitchell\mitchdo01,SG,23,UTA,69,69,34.3,8.7,19.4,.449,2.5,6.9,.366,6.2,12.6,.494,.513,4.0,4.7,.863,0.8,3.6,4.4,4.3,1.0,0.2,2.7,2.5,24.0
344,Naz Mitrou-Long\mitrona01,SG,26,IND,5,0,9.4,1.2,3.4,.353,0.4,2.4,.167,0.8,1.0,.800,.412,0.0,0.0,,0.0,1.4,1.4,1.6,0.2,0.2,0.6,0.4,2.8
345,Adam Mokoka\mokokad01,SF,21,CHI,11,0,10.2,1.1,2.5,.429,0.5,1.4,.400,0.5,1.2,.462,.536,0.2,0.4,.500,0.6,0.3,0.9,0.4,0.4,0.0,0.2,1.5,2.9
346,Malik Monk\monkma01,SG,21,CHO,55,1,21.3,3.9,8.9,.434,1.1,3.7,.284,2.8,5.2,.542,.494,1.5,1.8,.820,0.5,2.4,2.9,2.1,0.5,0.3,1.4,1.3,10.3
347,Matt Mooney\moonema01,SG,22,CLE,4,0,4.8,0.3,1.0,.250,0.0,0.5,.000,0.3,0.5,.500,.250,0.0,0.0,,0.0,0.8,0.8,0.3,0.5,0.3,0.0,0.3,0.5
348,E'Twaun Moore\mooreet01,SG,30,NOP,56,6,18.2,3.3,7.8,.426,1.1,3.0,.377,2.2,4.8,.456,.498,0.6,0.8,.689,0.6,1.8,2.3,1.4,0.6,0.2,0.7,1.4,8.3
349,Ja Morant\moranja01,PG,20,MEM,67,67,31.0,6.7,14.0,.477,0.9,2.7,.335,5.8,11.3,.511,.509,3.6,4.6,.776,0.8,3.1,3.9,7.3,0.9,0.3,3.3,1.6,17.8
350,Juwan Morgan\morgaju01,PF,22,UTA,21,0,6.4,0.7,1.2,.577,0.1,0.4,.375,0.6,0.9,.667,.635,0.1,0.2,.750,0.5,0.9,1.4,0.3,0.0,0.1,0.3,0.9,1.7
351,Marcus Morris\morrima03,SF-PF,30,TOT,62,62,31.2,5.7,13.1,.438,2.3,5.6,.408,3.4,7.5,.461,.526,2.9,3.5,.823,1.0,4.1,5.0,1.4,0.8,0.5,1.6,2.9,16.7
351,Marcus Morris\morrima03,SF,30,NYK,43,43,32.3,6.5,14.8,.442,2.7,6.1,.439,3.8,8.7,.444,.533,3.8,4.6,.823,1.1,4.3,5.4,1.4,0.8,0.4,1.7,3.0,19.6
351,Marcus Morris\morrima03,PF,30,LAC,19,19,28.9,3.9,9.2,.425,1.4,4.4,.310,2.5,4.7,.533,.500,0.9,1.2,.818,0.6,3.5,4.1,1.4,0.7,0.7,1.3,2.7,10.1
352,Markieff Morris\morrima02,PF,30,TOT,58,17,20.5,3.5,7.9,.443,1.5,3.9,.386,2.0,4.0,.500,.539,1.1,1.5,.776,0.7,3.1,3.8,1.3,0.5,0.3,1.3,2.3,9.7
352,Markieff Morris\morrima02,PF,30,DET,44,16,22.5,4.0,8.8,.450,1.7,4.3,.397,2.3,4.5,.500,.546,1.4,1.8,.772,0.5,3.4,3.9,1.6,0.6,0.3,1.6,2.4,11.0
352,Markieff Morris\morrima02,PF,30,LAL,14,1,14.2,2.0,4.9,.406,0.9,2.8,.333,1.1,2.1,.500,.500,0.4,0.4,.833,1.1,2.1,3.2,0.6,0.4,0.4,0.4,2.1,5.3
353,Monte Morris\morrimo01,PG,24,DEN,73,12,22.4,3.6,7.8,.459,0.9,2.4,.378,2.7,5.4,.495,.517,1.0,1.2,.843,0.3,1.5,1.9,3.5,0.8,0.2,0.7,1.0,9.0
354,Johnathan Motley\motlejo01,PF,24,LAC,13,0,3.2,0.8,1.2,.733,0.1,0.1,1.000,0.8,1.1,.714,.767,0.4,0.5,.714,0.2,0.5,0.8,0.6,0.2,0.0,0.4,0.5,2.2
355,Emmanuel Mudiay\mudiaem01,PG,23,UTA,54,2,15.7,2.8,6.1,.462,0.6,1.6,.345,2.2,4.4,.504,.508,1.2,1.5,.759,0.3,2.0,2.3,2.1,0.4,0.2,1.4,1.3,7.3
356,Mychal Mulder\muldemy01,SF,25,GSW,7,3,29.1,3.7,9.6,.388,2.3,7.4,.308,1.4,2.1,.667,.507,1.3,1.7,.750,0.4,2.9,3.3,1.1,0.3,0.1,0.7,2.9,11.0
357,Dejounte Murray\murrade01,PG,23,SAS,66,58,25.6,4.5,9.7,.462,0.6,1.7,.369,3.8,8.0,.481,.494,1.4,1.7,.798,1.0,4.8,5.8,4.1,1.7,0.3,1.9,2.2,10.9
358,Jamal Murray\murraja01,PG,22,DEN,59,59,32.3,6.9,15.2,.456,1.9,5.5,.346,5.0,9.7,.519,.519,2.8,3.1,.881,0.8,3.2,4.0,4.8,1.1,0.3,2.2,1.7,18.5
359,Džanan Musa\musadz01,SF,20,BRK,40,0,12.2,1.6,4.3,.372,0.5,2.0,.244,1.1,2.4,.479,.427,1.1,1.5,.750,0.5,1.6,2.2,1.1,0.4,0.0,0.9,0.8,4.8
360,Mike Muscala\muscami01,C,28,OKC,47,2,12.2,1.6,4.0,.407,1.1,3.0,.378,0.5,1.0,.500,.550,0.4,0.5,.818,0.3,2.0,2.3,0.9,0.2,0.3,0.4,1.2,4.8
361,Svi Mykhailiuk\mykhasv01,SF,22,DET,56,27,22.6,3.0,7.2,.410,2.1,5.1,.404,0.9,2.1,.425,.552,1.0,1.3,.814,0.3,1.6,1.9,1.9,0.7,0.1,1.1,1.6,9.0
362,Abdel Nader\naderab01,SF,26,OKC,55,6,15.8,2.2,4.8,.468,0.9,2.3,.375,1.4,2.5,.556,.559,0.9,1.2,.773,0.3,1.6,1.8,0.7,0.4,0.4,0.8,1.4,6.3
363,Larry Nance Jr.\nancela02,PF,27,CLE,56,10,26.3,4.1,7.7,.531,1.0,2.8,.352,3.1,4.9,.636,.596,0.9,1.3,.676,1.9,5.4,7.3,2.2,1.0,0.4,1.1,1.6,10.1
364,Shabazz Napier\napiesh01,PG,28,TOT,56,32,24.0,3.4,8.1,.412,1.4,4.3,.317,2.0,3.9,.519,.496,2.3,2.7,.824,0.5,2.4,2.8,4.7,1.2,0.2,2.3,1.8,10.3
364,Shabazz Napier\napiesh01,PG,28,MIN,36,22,23.8,3.2,7.9,.403,1.3,4.4,.296,1.9,3.4,.540,.486,2.0,2.4,.818,0.5,2.6,3.1,5.2,1.1,0.2,2.1,1.7,9.6
364,Shabazz Napier\napiesh01,PG,28,WAS,20,10,24.4,3.7,8.7,.428,1.5,4.1,.358,2.3,4.6,.489,.512,2.7,3.3,.831,0.5,2.0,2.4,3.8,1.5,0.2,2.6,2.0,11.6
365,Raul Neto\netora01,PG,27,PHI,54,3,12.4,1.9,4.1,.455,0.6,1.6,.386,1.2,2.5,.500,.532,0.7,0.9,.830,0.2,0.9,1.1,1.8,0.4,0.1,0.9,0.9,5.1
366,Malik Newman\newmama01,SG,22,CLE,1,0,4.0,0.0,2.0,.000,0.0,1.0,.000,0.0,1.0,.000,.000,2.0,2.0,1.000,0.0,0.0,0.0,0.0,0.0,0.0,1.0,0.0,2.0
367,Georges Niang\niangge01,PF,26,UTA,66,1,14.0,2.1,4.9,.438,1.4,3.4,.400,0.8,1.5,.526,.578,0.3,0.4,.833,0.2,1.7,1.9,0.7,0.3,0.1,0.5,1.1,5.9
368,Joakim Noah\noahjo01,C,34,LAC,5,0,10.0,0.8,1.6,.500,0.0,0.0,,0.8,1.6,.500,.500,1.2,1.6,.750,1.0,2.2,3.2,1.4,0.2,0.2,1.2,1.8,2.8
369,Nerlens Noel\noelne01,C,25,OKC,61,7,18.5,3.0,4.4,.684,0.0,0.0,.333,3.0,4.4,.688,.686,1.3,1.7,.755,1.5,3.4,4.9,0.9,1.0,1.5,1.1,2.7,7.4
370,Zach Norvell\norveza01,SG,22,TOT,5,0,8.2,0.6,2.4,.250,0.6,1.6,.375,0.0,0.8,.000,.375,0.2,0.2,1.000,0.0,1.2,1.2,0.6,0.4,0.0,0.6,0.8,2.0
370,Zach Norvell\norveza01,SG,22,LAL,2,0,2.5,0.0,0.5,.000,0.0,0.0,,0.0,0.5,.000,.000,0.0,0.0,,0.0,0.5,0.5,0.0,0.0,0.0,0.0,0.0,0.0
370,Zach Norvell\norveza01,SG,22,GSW,3,0,12.0,1.0,3.7,.273,1.0,2.7,.375,0.0,1.0,.000,.409,0.3,0.3,1.000,0.0,1.7,1.7,1.0,0.7,0.0,1.0,1.3,3.3
371,Jaylen Nowell\nowelja01,SG,20,MIN,15,0,10.1,1.3,3.5,.358,0.2,1.7,.115,1.1,1.8,.593,.387,1.1,1.1,.941,0.2,0.7,0.9,1.3,0.2,0.1,0.2,0.7,3.8
372,Frank Ntilikina\ntilila01,PG,21,NYK,57,26,20.8,2.3,5.8,.393,0.8,2.4,.321,1.5,3.4,.444,.459,0.9,1.0,.864,0.4,1.7,2.1,3.0,0.9,0.3,1.2,2.5,6.3
373,Kendrick Nunn\nunnke01,PG,24,MIA,67,67,29.3,6.0,13.6,.439,2.0,5.8,.350,3.9,7.8,.505,.514,1.3,1.5,.850,0.3,2.4,2.7,3.3,0.8,0.2,1.7,2.3,15.3
374,Jusuf Nurkić\nurkiju01,C,25,POR,8,8,31.6,6.8,13.6,.495,0.3,1.3,.200,6.5,12.4,.525,.505,3.9,4.4,.886,2.9,7.4,10.3,4.0,1.4,2.0,2.4,4.9,17.6
375,David Nwaba\nwabada01,SF,27,BRK,20,0,13.4,1.9,3.6,.521,0.6,1.4,.429,1.3,2.2,.581,.606,0.9,1.4,.667,0.4,1.9,2.3,0.4,0.6,0.6,0.4,1.6,5.2
376,Royce O'Neale\onealro01,SF,26,UTA,71,62,28.9,2.2,5.1,.433,1.3,3.4,.377,0.9,1.7,.545,.559,0.6,0.8,.764,0.4,5.1,5.5,2.5,0.8,0.5,0.9,2.8,6.3
377,Kyle O'Quinn\oquinky01,C,29,PHI,29,2,10.8,1.4,2.9,.494,0.2,0.9,.259,1.2,2.0,.603,.535,0.4,0.7,.550,1.2,2.8,4.0,1.8,0.2,0.8,0.7,1.3,3.5
378,Semi Ojeleye\ojelese01,PF,25,BOS,69,6,14.7,1.2,2.8,.408,0.7,1.8,.378,0.5,1.0,.464,.531,0.4,0.5,.875,0.4,1.7,2.1,0.5,0.3,0.1,0.3,1.2,3.4
379,Jahlil Okafor\okafoja01,C,24,NOP,30,9,15.6,3.4,5.4,.623,0.0,0.1,.333,3.3,5.3,.629,.627,1.3,2.1,.645,1.6,2.6,4.2,1.2,0.2,0.7,1.3,2.2,8.1
380,Elie Okobo\okoboel01,PG,22,PHO,55,3,13.1,1.3,3.3,.398,0.5,1.3,.352,0.9,2.0,.427,.467,0.9,1.3,.704,0.3,1.3,1.6,2.1,0.4,0.1,0.7,1.0,4.0
381,Josh Okogie\okogijo01,SG,21,MIN,62,28,25.0,2.7,6.4,.427,0.7,2.5,.266,2.1,3.9,.529,.479,2.5,3.1,.796,1.4,2.9,4.3,1.6,1.1,0.4,1.4,2.2,8.6
382,KZ Okpala\okpalkz01,PF,20,MIA,5,0,5.2,0.6,1.0,.600,0.0,0.2,.000,0.6,0.8,.750,.600,0.2,0.4,.500,0.2,0.8,1.0,0.2,0.4,0.2,0.2,0.4,1.4
383,Victor Oladipo\oladivi01,SG,27,IND,19,16,27.8,5.1,12.9,.394,1.7,5.5,.317,3.4,7.5,.451,.461,2.5,3.1,.814,0.5,3.5,3.9,2.9,0.9,0.2,2.5,1.9,14.5
384,Kelly Olynyk\olynyke01,C,28,MIA,67,9,19.4,2.7,5.9,.462,1.4,3.5,.406,1.3,2.4,.543,.582,1.3,1.5,.860,0.7,3.9,4.6,1.7,0.7,0.3,1.1,2.6,8.2
385,Miye Oni\onimi01,SF,22,UTA,10,1,10.9,1.2,3.2,.375,0.7,1.9,.368,0.5,1.3,.385,.484,0.4,0.5,.800,0.5,1.2,1.7,0.4,0.4,0.2,0.4,0.9,3.5
386,Cedi Osman\osmande01,SF,24,CLE,65,65,29.4,4.1,9.4,.437,1.9,4.9,.383,2.2,4.4,.497,.538,1.0,1.4,.670,0.6,3.0,3.6,2.4,0.8,0.2,1.4,2.5,11.0
387,Kelly Oubre Jr.\oubreke01,SF,24,PHO,56,55,34.5,6.7,14.8,.452,1.9,5.5,.352,4.7,9.3,.511,.517,3.4,4.4,.780,1.2,5.3,6.4,1.5,1.3,0.7,1.5,3.4,18.7
388,Tariq Owens\owensta01,PF,24,PHO,3,0,5.0,0.3,1.7,.200,0.0,0.7,.000,0.3,1.0,.333,.200,0.7,0.7,1.000,0.7,0.3,1.0,0.0,0.3,0.0,0.0,0.3,1.3
389,Jeremy Pargo\pargoje01,PG,33,GSW,3,0,14.7,3.7,7.3,.500,1.0,2.3,.429,2.7,5.0,.533,.568,0.0,0.3,.000,0.3,0.7,1.0,2.7,0.3,0.0,1.3,2.7,8.3
390,Jabari Parker\parkeja01,PF,24,TOT,38,23,24.1,5.8,11.3,.510,0.8,3.1,.269,4.9,8.2,.603,.548,1.6,2.1,.753,1.6,4.0,5.6,1.8,1.2,0.4,1.7,2.6,14.0
390,Jabari Parker\parkeja01,PF,24,ATL,32,23,26.2,6.2,12.3,.504,1.0,3.6,.270,5.2,8.7,.601,.543,1.7,2.3,.736,1.7,4.3,6.0,1.8,1.3,0.5,1.9,2.9,15.0
390,Jabari Parker\parkeja01,PF,24,SAC,6,0,13.3,3.5,6.0,.583,0.2,0.7,.250,3.3,5.3,.625,.597,1.3,1.5,.889,1.2,2.7,3.8,1.7,0.5,0.2,0.7,1.0,8.5
391,Chandler Parsons\parsoch01,PF,31,ATL,5,0,10.8,1.0,3.6,.278,0.8,2.8,.286,0.2,0.8,.250,.389,0.0,0.0,,0.2,1.2,1.4,0.6,0.8,0.2,0.6,0.6,2.8
392,Eric Paschall\pascher01,PF,23,GSW,60,26,27.6,5.3,10.7,.497,0.6,2.2,.287,4.7,8.5,.550,.526,2.7,3.5,.774,1.4,3.2,4.6,2.1,0.5,0.2,1.6,2.1,14.0
393,Anžejs Pasečņiks\pasecan01,C,24,WAS,27,0,16.2,2.3,4.3,.526,0.0,0.1,.000,2.3,4.2,.540,.526,1.3,2.1,.586,1.6,2.4,4.0,0.7,0.3,0.4,0.9,2.8,5.8
394,Patrick Patterson\pattepa01,PF,30,LAC,59,18,13.2,1.6,3.9,.408,1.1,2.9,.390,0.5,1.0,.459,.552,0.6,0.7,.814,0.6,2.0,2.6,0.7,0.1,0.1,0.4,0.9,4.9
395,Justin Patton\pattoju01,C,22,OKC,5,0,4.8,0.8,2.0,.400,0.2,0.8,.250,0.6,1.2,.500,.450,0.0,0.0,,0.2,0.8,1.0,0.4,0.0,0.0,0.4,0.8,1.8
396,Chris Paul\paulch01,PG,34,OKC,70,70,31.5,6.2,12.7,.489,1.6,4.3,.365,4.6,8.3,.554,.552,3.6,4.0,.907,0.4,4.6,5.0,6.7,1.6,0.2,2.3,2.3,17.6
397,Cameron Payne\payneca01,SG,25,PHO,8,0,22.9,4.1,8.5,.485,1.9,3.6,.517,2.3,4.9,.462,.596,0.8,0.9,.857,0.5,3.4,3.9,3.0,1.0,0.3,1.4,2.5,10.9
398,Elfrid Payton\paytoel01,PG,25,NYK,45,36,27.7,4.3,9.8,.439,0.3,1.5,.203,4.0,8.2,.482,.455,1.1,1.9,.570,1.2,3.6,4.7,7.2,1.6,0.4,2.1,2.0,10.0
399,Gary Payton II\paytoga02,SF,27,WAS,29,17,14.9,1.7,4.0,.414,0.4,1.6,.283,1.2,2.4,.500,.470,0.1,0.3,.500,0.9,1.9,2.8,1.7,1.1,0.2,0.7,1.9,3.9
400,Norvel Pelle\pelleno01,C,26,PHI,24,0,9.7,1.0,2.0,.521,0.0,0.0,.000,1.0,2.0,.532,.521,0.3,0.6,.500,0.8,2.2,3.0,0.3,0.1,1.3,0.8,2.3,2.4
401,Theo Pinson\pinsoth01,SG,24,BRK,33,0,11.1,1.4,4.7,.290,0.5,2.4,.188,0.9,2.3,.400,.339,0.5,0.5,.938,0.3,1.3,1.6,1.7,0.5,0.1,1.0,1.1,3.6
402,Mason Plumlee\plumlma01,C,29,DEN,61,1,17.3,2.9,4.7,.615,0.0,0.1,.000,2.9,4.6,.625,.615,1.4,2.5,.535,1.6,3.6,5.2,2.5,0.5,0.6,1.3,2.3,7.2
403,Jakob Poeltl\poeltja01,C,24,SAS,66,18,17.7,2.5,4.0,.624,0.0,0.0,,2.5,4.0,.624,.624,0.6,1.3,.465,2.0,3.7,5.7,1.8,0.6,1.4,0.8,1.9,5.6
404,Vincent Poirier\poirivi01,C,26,BOS,22,0,5.9,0.8,1.6,.472,0.0,0.1,.500,0.7,1.5,.471,.486,0.3,0.3,.857,0.6,1.4,2.0,0.4,0.1,0.4,0.4,1.1,1.9
405,Shamorie Ponds\pondssh01,PG,21,TOR,4,0,2.8,0.8,1.3,.600,0.3,0.5,.500,0.5,0.8,.667,.700,0.5,0.5,1.000,0.0,0.3,0.3,0.5,0.0,0.3,0.0,0.5,2.3
406,Jordan Poole\poolejo01,SG,20,GSW,57,14,22.4,2.9,8.8,.333,1.3,4.6,.279,1.6,4.2,.392,.406,1.7,2.1,.798,0.2,1.9,2.1,2.4,0.6,0.2,1.3,1.6,8.8
407,Kevin Porter Jr.\porteke02,SF,19,CLE,50,3,23.2,3.7,8.4,.442,1.1,3.2,.335,2.7,5.3,.506,.505,1.5,2.0,.723,0.4,2.8,3.2,2.2,0.9,0.3,1.9,2.7,10.0
408,Michael Porter Jr.\portemi01,SF,21,DEN,55,8,16.4,3.5,7.0,.509,1.1,2.7,.422,2.4,4.3,.564,.590,1.1,1.3,.833,1.2,3.5,4.7,0.8,0.5,0.5,0.9,1.8,9.3
409,Otto Porter Jr.\porteot01,SF,26,CHI,14,9,23.6,4.4,10.0,.443,1.7,4.4,.387,2.7,5.6,.487,.529,1.4,1.9,.704,0.9,2.5,3.4,1.8,1.1,0.4,0.8,2.2,11.9
410,Bobby Portis\portibo01,PF,24,NYK,66,5,21.1,4.0,8.9,.450,1.0,2.8,.358,3.0,6.1,.493,.507,1.1,1.4,.763,1.2,3.9,5.1,1.5,0.5,0.3,1.1,1.7,10.1
411,Kristaps Porziņģis\porzikr01,C,24,DAL,57,57,31.8,7.0,16.4,.427,2.5,7.1,.352,4.5,9.3,.484,.503,4.0,5.0,.799,1.8,7.7,9.5,1.8,0.7,2.0,1.6,3.2,20.4
412,Dwight Powell\poweldw01,C,28,DAL,40,37,26.5,3.7,5.7,.638,0.3,1.0,.256,3.4,4.8,.716,.659,1.9,2.8,.667,1.9,3.8,5.7,1.5,0.9,0.6,0.9,2.6,9.4
413,Norman Powell\powelno01,SG,26,TOR,52,26,28.4,5.7,11.5,.495,2.1,5.3,.399,3.6,6.3,.575,.586,2.5,2.9,.843,0.5,3.2,3.7,1.8,1.2,0.4,1.5,2.1,16.0
414,Taurean Prince\princta02,PF,25,BRK,64,61,29.0,4.3,11.5,.376,2.3,6.7,.339,2.1,4.8,.429,.475,1.1,1.4,.798,0.8,5.2,6.0,1.8,0.9,0.4,2.0,2.5,12.1
415,Chasson Randle\randlch01,PG,26,GSW,3,0,13.3,0.0,1.3,.000,0.0,0.7,.000,0.0,0.7,.000,.000,1.7,2.0,.833,0.0,0.7,0.7,1.7,0.7,0.0,0.0,1.0,1.7
416,Julius Randle\randlju01,PF,25,NYK,64,64,32.5,7.2,15.7,.460,1.0,3.6,.277,6.2,12.1,.515,.492,4.0,5.5,.733,2.4,7.4,9.7,3.1,0.8,0.3,3.0,2.8,19.5
417,Josh Reaves\reavejo02,SF,22,DAL,4,0,7.0,0.8,2.3,.333,0.0,0.5,.000,0.8,1.8,.429,.333,0.5,0.5,1.000,0.3,0.5,0.8,0.8,0.0,0.0,0.0,1.3,2.0
418,Cam Reddish\reddica01,SF,20,ATL,58,34,26.7,3.7,9.6,.384,1.4,4.3,.332,2.2,5.2,.428,.459,1.7,2.2,.802,0.6,3.1,3.7,1.5,1.1,0.5,1.7,2.3,10.5
419,J.J. Redick\redicjj01,SG,35,NOP,60,36,26.4,4.8,10.5,.453,3.0,6.6,.453,1.8,3.9,.453,.596,2.8,3.1,.892,0.2,2.4,2.5,2.0,0.3,0.2,1.3,1.6,15.3
420,Naz Reid\reidna01,C,20,MIN,30,11,16.5,3.3,8.1,.412,1.1,3.2,.330,2.3,4.9,.466,.477,1.2,1.8,.698,1.1,3.0,4.1,1.2,0.6,0.7,0.7,2.8,9.0
421,Josh Richardson\richajo01,SG,26,PHI,55,53,30.8,5.1,11.7,.430,1.5,4.5,.341,3.5,7.2,.486,.496,2.1,2.6,.809,0.7,2.4,3.2,2.9,0.9,0.7,1.9,2.5,13.7
422,Austin Rivers\riverau01,SG,27,HOU,68,4,23.4,3.1,7.4,.421,1.4,4.0,.356,1.7,3.4,.498,.517,1.1,1.6,.703,0.4,2.2,2.6,1.7,0.7,0.1,0.7,1.9,8.8
423,Andre Roberson\roberan03,SF,28,OKC,7,0,12.4,1.1,4.1,.276,0.4,2.0,.214,0.7,2.1,.333,.328,0.1,0.3,.500,1.0,2.9,3.9,0.6,0.1,0.4,0.3,1.9,2.9
424,Duncan Robinson\robindu01,SG,25,MIA,73,68,29.7,4.4,9.4,.470,3.7,8.3,.446,0.7,1.1,.654,.667,0.9,1.0,.931,0.1,3.0,3.2,1.4,0.5,0.3,1.0,2.6,13.5
425,Glenn Robinson III\robingl02,SF,26,TOT,62,52,28.8,4.6,9.5,.486,1.2,3.2,.391,3.4,6.4,.534,.552,1.2,1.4,.860,1.3,3.0,4.4,1.5,0.9,0.3,0.9,1.6,11.7
425,Glenn Robinson III\robingl02,SF,26,GSW,48,48,31.6,5.1,10.6,.481,1.4,3.5,.400,3.7,7.0,.522,.548,1.3,1.5,.851,1.4,3.3,4.7,1.8,0.9,0.3,1.0,1.7,12.9
425,Glenn Robinson III\robingl02,SF,26,PHI,14,4,19.3,3.1,6.1,.518,0.6,1.9,.333,2.5,4.1,.603,.571,0.8,0.9,.917,1.1,2.1,3.1,0.8,0.6,0.1,0.4,1.3,7.7
426,Jerome Robinson\robinje01,SG,22,TOT,63,6,15.5,1.8,4.9,.371,0.8,2.4,.320,1.0,2.5,.420,.450,0.6,0.9,.702,0.2,1.8,2.0,1.4,0.4,0.3,0.8,1.8,5.1
426,Jerome Robinson\robinje01,SG,22,LAC,42,1,11.3,1.1,3.2,.338,0.5,1.6,.284,0.6,1.6,.391,.408,0.3,0.5,.579,0.1,1.3,1.4,1.1,0.3,0.2,0.6,1.3,2.9
426,Jerome Robinson\robinje01,SG,22,WAS,21,5,24.0,3.3,8.3,.397,1.4,4.1,.349,1.9,4.2,.443,.483,1.4,1.8,.763,0.4,2.9,3.3,2.0,0.7,0.4,1.1,2.7,9.4
427,Justin Robinson\robinju01,PG,22,WAS,9,0,5.4,0.6,1.3,.417,0.3,0.6,.600,0.2,0.8,.286,.542,0.0,0.0,,0.1,0.4,0.6,0.8,0.0,0.1,0.3,0.2,1.4
428,Mitchell Robinson\robinmi01,C,21,NYK,61,7,23.1,4.1,5.6,.742,0.0,0.0,,4.1,5.6,.742,.742,1.4,2.4,.568,3.0,4.0,7.0,0.6,0.9,2.0,0.6,3.2,9.7
429,Isaiah Roby\robyis01,PF,21,OKC,3,0,3.7,0.0,0.3,.000,0.0,0.0,,0.0,0.3,.000,.000,0.0,0.0,,0.0,0.7,0.7,0.0,0.0,0.0,0.3,0.3,0.0
430,Rajon Rondo\rondora01,PG,33,LAL,48,3,20.5,2.9,6.8,.418,0.9,2.6,.328,2.0,4.2,.473,.480,0.6,0.9,.659,0.5,2.5,3.0,5.0,0.8,0.0,1.9,1.2,7.1
431,Derrick Rose\rosede01,PG,31,DET,50,15,26.0,7.4,15.1,.490,0.9,2.9,.306,6.5,12.1,.535,.520,2.4,2.8,.871,0.5,1.9,2.4,5.6,0.8,0.3,2.5,1.0,18.1
432,Terrence Ross\rosste01,SG,28,ORL,69,0,27.4,4.9,12.3,.403,2.6,7.3,.351,2.4,5.0,.480,.508,2.3,2.7,.853,0.2,3.0,3.2,1.2,1.1,0.3,1.0,1.6,14.7
433,Terry Rozier\roziete01,PG,25,CHO,63,63,34.3,6.3,14.9,.423,2.7,6.7,.407,3.6,8.2,.436,.514,2.6,3.0,.874,0.8,3.6,4.4,4.1,1.0,0.2,2.2,2.0,18.0
434,Ricky Rubio\rubiori01,PG,29,PHO,65,65,31.0,4.4,10.6,.415,1.2,3.3,.361,3.2,7.3,.439,.471,3.0,3.5,.863,0.7,4.0,4.7,8.8,1.4,0.2,2.7,2.6,13.0
435,D'Angelo Russell\russeda01,PG,23,TOT,45,45,32.3,8.0,18.8,.426,3.5,9.6,.367,4.5,9.2,.487,.519,3.6,4.4,.809,0.4,3.6,3.9,6.3,1.1,0.3,3.3,1.9,23.1
435,D'Angelo Russell\russeda01,PG,23,GSW,33,33,32.1,8.3,19.2,.430,3.6,9.7,.374,4.6,9.5,.487,.524,3.4,4.4,.785,0.4,3.3,3.7,6.2,0.9,0.3,3.1,1.9,23.6
435,D'Angelo Russell\russeda01,PG,23,MIN,12,12,32.7,7.3,17.6,.412,3.2,9.2,.345,4.1,8.4,.485,.502,4.0,4.6,.873,0.3,4.3,4.6,6.6,1.4,0.3,3.8,1.8,21.7
436,Domantas Sabonis\sabondo01,PF,23,IND,62,62,34.8,7.4,13.7,.540,0.3,1.1,.254,7.1,12.6,.565,.550,3.5,4.8,.723,3.0,9.4,12.4,5.0,0.8,0.5,2.7,3.1,18.5
437,Luka Šamanić\samanlu01,PF,20,SAS,3,1,16.0,1.7,5.3,.313,1.0,2.7,.375,0.7,2.7,.250,.406,1.0,1.3,.750,0.3,3.0,3.3,2.0,0.0,0.7,0.7,2.0,5.3
438,JaKarr Sampson\sampsja02,PF,26,IND,34,12,13.9,2.0,3.4,.591,0.1,0.4,.154,1.9,3.0,.647,.600,0.5,0.8,.667,0.6,2.0,2.6,0.6,0.5,0.4,0.4,1.9,4.6
439,Dario Šarić\saricda01,PF,25,PHO,66,51,24.7,3.9,8.2,.476,1.3,3.6,.357,2.6,4.6,.568,.554,1.6,1.9,.844,1.5,4.6,6.2,1.9,0.6,0.2,1.3,2.4,10.7
440,Tomáš Satoranský\satorto01,SG,28,CHI,65,64,28.9,3.6,8.5,.430,1.0,3.1,.322,2.7,5.4,.491,.488,1.6,1.9,.876,1.2,2.7,3.9,5.4,1.2,0.1,2.0,2.1,9.9
441,Admiral Schofield\schofad01,PF,22,WAS,33,2,11.2,1.1,2.8,.380,0.6,1.8,.311,0.5,0.9,.516,.484,0.3,0.5,.667,0.2,1.2,1.4,0.5,0.2,0.1,0.2,1.5,3.0
442,Dennis Schröder\schrode01,PG,26,OKC,65,2,30.8,7.0,14.8,.469,1.9,5.0,.385,5.0,9.8,.513,.534,3.0,3.6,.839,0.3,3.3,3.6,4.0,0.7,0.2,2.6,2.2,18.9
443,Mike Scott\scottmi01,PF,31,PHI,68,11,17.8,2.2,5.1,.426,1.2,3.2,.369,1.0,2.0,.519,.540,0.4,0.5,.811,1.0,2.7,3.6,0.8,0.3,0.1,0.4,1.4,6.0
444,Thabo Sefolosha\sefolth01,PF,35,HOU,41,0,10.6,0.9,2.2,.407,0.4,1.3,.278,0.5,0.9,.595,.489,0.1,0.2,.375,0.5,1.8,2.3,0.6,0.6,0.3,0.4,1.0,2.2
445,Collin Sexton\sextoco01,PG,21,CLE,65,65,33.0,7.9,16.7,.472,1.5,3.9,.380,6.4,12.8,.501,.517,3.5,4.1,.846,0.9,2.2,3.1,3.0,1.0,0.1,2.4,2.2,20.8
446,Landry Shamet\shamela01,SG,22,LAC,53,30,27.4,3.0,7.4,.404,2.1,5.6,.375,0.9,1.8,.495,.546,1.2,1.4,.855,0.1,1.8,1.9,1.9,0.4,0.2,0.8,2.7,9.3
447,Marial Shayok\shayoma01,SG,24,PHI,4,0,7.0,0.8,3.0,.250,0.5,1.5,.333,0.3,1.5,.167,.333,0.8,1.0,.750,0.3,1.5,1.8,0.3,0.0,0.3,0.8,1.0,2.8
448,Iman Shumpert\shumpim01,SF,29,BRK,13,0,18.5,1.6,4.9,.328,0.6,2.5,.242,1.0,2.4,.419,.391,0.3,0.5,.571,0.7,1.9,2.6,0.9,0.9,0.2,0.8,1.6,4.2
449,Pascal Siakam\siakapa01,PF,25,TOR,60,60,35.2,8.3,18.4,.453,2.2,6.1,.359,6.2,12.3,.499,.512,4.0,5.1,.792,1.1,6.3,7.3,3.5,1.0,0.9,2.5,2.8,22.9
450,Chris Silva\silvach01,PF,23,MIA,44,0,7.9,1.1,1.8,.615,0.0,0.1,.000,1.1,1.7,.640,.615,0.8,1.3,.673,1.4,1.5,2.9,0.5,0.2,0.5,0.7,1.9,3.0
451,Ben Simmons\simmobe01,PG,23,PHI,57,57,35.4,6.6,11.4,.580,0.0,0.1,.286,6.5,11.2,.583,.581,3.2,5.2,.621,2.0,5.8,7.8,8.0,2.1,0.6,3.5,3.3,16.4
452,Anfernee Simons\simonan01,SG,20,POR,70,4,20.7,3.1,7.7,.399,1.1,3.2,.332,2.0,4.4,.448,.469,1.1,1.3,.826,0.4,1.8,2.2,1.4,0.4,0.1,0.9,1.9,8.3
453,Alen Smailagić\smailal01,C,19,GSW,14,0,9.9,1.4,2.9,.500,0.2,0.9,.231,1.2,1.9,.630,.538,1.1,1.4,.842,0.7,1.2,1.9,0.9,0.2,0.3,0.8,1.0,4.2
454,Marcus Smart\smartma01,SG,25,BOS,60,40,32.0,4.3,11.4,.375,2.3,6.6,.347,2.0,4.8,.415,.476,2.1,2.5,.836,0.7,3.1,3.8,4.9,1.7,0.5,1.7,2.7,12.9
455,Dennis Smith Jr.\smithde03,PG,22,NYK,34,3,15.8,2.1,6.2,.341,0.5,1.6,.296,1.6,4.6,.357,.379,0.8,1.6,.509,0.6,1.7,2.3,2.9,0.8,0.2,1.7,1.9,5.5
456,Ish Smith\smithis01,PG,31,WAS,68,23,26.3,4.5,10.1,.447,0.9,2.5,.367,3.6,7.6,.473,.492,0.9,1.3,.721,0.4,2.8,3.2,4.9,0.9,0.4,1.4,1.6,10.9
457,J.R. Smith\smithjr01,SG,34,LAL,6,0,13.2,1.2,3.7,.318,0.2,1.8,.091,1.0,1.8,.545,.341,0.3,0.3,1.000,0.0,0.8,0.8,0.5,0.2,0.0,0.7,0.8,2.8
458,Zhaire Smith\smithzh01,SF,20,PHI,7,0,4.6,0.4,1.6,.273,0.0,0.4,.000,0.4,1.1,.375,.273,0.3,0.6,.500,0.0,0.3,0.3,0.3,0.4,0.0,0.3,0.6,1.1
459,Tony Snell\snellto01,SF,28,DET,59,57,27.8,2.9,6.5,.445,1.7,4.3,.402,1.2,2.2,.531,.579,0.5,0.5,1.000,0.2,1.7,1.9,2.2,0.5,0.3,0.5,1.7,8.0
460,Omari Spellman\spellom01,C,22,GSW,49,3,18.1,2.6,6.0,.431,0.9,2.2,.391,1.7,3.8,.454,.503,1.5,1.9,.793,1.6,2.9,4.5,1.0,0.7,0.5,1.1,1.3,7.6
461,Max Strus\strusma01,SF,23,CHI,2,0,3.0,1.0,1.5,.667,0.0,0.5,.000,1.0,1.0,1.000,.667,0.5,0.5,1.000,0.5,0.0,0.5,0.0,0.0,0.0,0.0,0.5,2.5
462,Edmond Sumner\sumneed01,SG,24,IND,31,3,14.4,2.0,4.6,.430,0.5,1.7,.264,1.5,2.9,.528,.479,0.5,0.9,.552,0.4,1.1,1.5,1.8,0.5,0.3,0.7,1.4,4.9
463,Caleb Swanigan\swanica01,PF-C,22,TOT,27,1,10.7,1.0,1.7,.596,0.0,0.1,.000,1.0,1.7,.622,.596,0.3,0.6,.529,1.0,2.7,3.7,1.1,0.1,0.3,1.4,2.3,2.4
463,Caleb Swanigan\swanica01,C,22,SAC,7,0,3.3,0.3,0.6,.500,0.0,0.0,,0.3,0.6,.500,.500,0.1,0.3,.500,0.3,0.7,1.0,0.3,0.1,0.3,0.9,1.1,0.7
463,Caleb Swanigan\swanica01,PF,22,POR,20,1,13.3,1.3,2.2,.605,0.0,0.1,.000,1.3,2.1,.634,.605,0.4,0.8,.533,1.3,3.4,4.7,1.5,0.1,0.3,1.6,2.7,3.0
464,Jayson Tatum\tatumja01,PF,21,BOS,66,66,34.3,8.4,18.6,.450,2.9,7.1,.403,5.5,11.5,.480,.527,3.8,4.7,.812,1.0,6.0,7.0,3.0,1.4,0.9,2.3,2.1,23.4
465,Jeff Teague\teaguje01,PG,31,TOT,59,17,24.8,3.6,8.3,.436,0.7,2.0,.368,2.9,6.3,.457,.480,2.9,3.3,.873,0.5,1.9,2.4,5.2,0.7,0.3,2.0,1.8,10.9
465,Jeff Teague\teaguje01,PG,31,MIN,34,13,27.8,4.3,9.5,.448,1.0,2.6,.379,3.3,7.0,.473,.498,3.7,4.2,.868,0.4,2.1,2.6,6.1,0.7,0.4,2.2,2.1,13.2
465,Jeff Teague\teaguje01,PG,31,ATL,25,4,20.8,2.7,6.6,.412,0.4,1.2,.333,2.3,5.4,.430,.442,1.9,2.1,.887,0.5,1.7,2.2,4.0,0.8,0.2,1.6,1.4,7.7
466,Garrett Temple\templga01,SG,33,BRK,62,35,27.9,3.6,9.5,.378,2.0,6.2,.329,1.5,3.2,.473,.486,1.1,1.4,.805,0.5,3.0,3.5,2.5,0.8,0.5,1.0,1.7,10.3
467,Daniel Theis\theisda01,C,27,BOS,65,64,24.1,3.7,6.6,.566,0.5,1.5,.333,3.2,5.1,.633,.603,1.3,1.8,.763,2.2,4.4,6.6,1.7,0.6,1.3,0.8,3.4,9.2
468,Isaiah Thomas\thomais02,PG,30,WAS,40,37,23.1,4.4,10.7,.408,2.0,4.7,.413,2.4,5.9,.405,.500,1.6,1.9,.816,0.3,1.4,1.7,3.7,0.3,0.2,1.9,1.9,12.2
469,Khyri Thomas\thomakh01,SG,23,DET,8,0,7.6,0.6,2.1,.294,0.6,1.8,.357,0.0,0.4,.000,.441,0.3,0.5,.500,0.1,0.0,0.1,0.4,0.4,0.0,0.4,1.1,2.1
470,Lance Thomas\thomala01,PF,31,BRK,7,4,14.0,1.1,3.3,.348,0.6,1.9,.308,0.6,1.4,.400,.435,0.6,0.6,1.000,0.3,1.6,1.9,0.9,0.0,0.0,0.9,1.6,3.4
471,Matt Thomas\thomama02,SG,25,TOR,41,1,10.7,1.8,3.7,.487,1.1,2.4,.475,0.6,1.2,.510,.643,0.2,0.3,.750,0.2,1.3,1.5,0.5,0.2,0.0,0.4,0.9,4.9
472,Tristan Thompson\thomptr01,PF,28,CLE,57,51,30.2,5.1,9.9,.512,0.2,0.4,.391,4.9,9.5,.518,.520,1.7,2.8,.615,4.0,6.2,10.1,2.1,0.6,0.9,1.8,2.2,12.0
473,Sindarius Thornwell\thornsi01,SF,25,NOP,2,0,17.5,3.0,5.5,.545,1.0,2.0,.500,2.0,3.5,.571,.636,1.0,2.0,.500,0.0,2.0,2.0,2.0,0.5,0.5,1.0,1.0,8.0
474,Matisse Thybulle\thybuma01,SG,22,PHI,65,14,19.8,1.7,4.1,.423,0.9,2.4,.357,0.9,1.7,.519,.528,0.4,0.6,.610,0.7,1.0,1.6,1.2,1.4,0.7,0.8,2.2,4.7
475,Anthony Tolliver\tollian01,PF,34,TOT,55,13,15.9,1.2,3.3,.357,0.9,2.6,.338,0.3,0.7,.432,.492,0.4,0.5,.724,0.6,2.2,2.8,0.8,0.3,0.2,0.6,1.3,3.6
475,Anthony Tolliver\tollian01,PF,34,POR,33,9,16.8,1.3,3.5,.368,0.9,2.7,.337,0.4,0.8,.464,.496,0.4,0.6,.684,0.8,2.5,3.3,0.9,0.2,0.3,0.6,1.6,3.9
475,Anthony Tolliver\tollian01,PF,34,SAC,9,0,9.1,0.3,1.9,.176,0.2,1.7,.133,0.1,0.2,.500,.235,0.1,0.2,.500,0.2,1.0,1.2,0.3,0.4,0.1,0.4,0.7,1.0
475,Anthony Tolliver\tollian01,PF,34,MEM,13,4,18.2,1.5,3.7,.396,1.3,3.2,.415,0.2,0.5,.286,.573,0.5,0.6,.875,0.4,2.2,2.5,0.8,0.5,0.1,0.7,1.1,4.8
476,Juan Toscano-Anderson\toscaju01,SG,26,GSW,13,6,20.9,2.2,4.8,.460,0.6,1.8,.348,1.6,3.1,.525,.524,0.2,0.4,.600,0.7,3.3,4.0,2.0,1.0,0.4,1.2,2.3,5.3
477,Karl-Anthony Towns\townska01,C,24,MIN,35,35,33.9,9.0,17.8,.508,3.3,7.9,.412,5.8,9.9,.586,.600,5.1,6.5,.796,2.7,8.1,10.8,4.4,0.9,1.2,3.1,3.3,26.5
478,Gary Trent Jr.\trentga02,SF,21,POR,61,8,21.8,3.2,7.2,.444,1.8,4.4,.418,1.4,2.8,.486,.571,0.6,0.7,.822,0.4,1.2,1.6,1.0,0.8,0.3,0.3,1.5,8.9
479,Allonzo Trier\trieral01,SG,24,NYK,24,1,12.1,2.1,4.4,.481,0.8,2.2,.358,1.3,2.2,.604,.571,1.4,1.8,.791,0.3,1.0,1.2,1.2,0.1,0.2,0.9,1.2,6.5
480,P.J. Tucker\tuckepj01,PF,34,HOU,72,72,34.3,2.5,5.9,.415,1.5,4.2,.358,1.0,1.8,.551,.541,0.5,0.7,.813,1.6,5.1,6.6,1.6,1.1,0.5,1.0,3.2,6.9
481,Rayjon Tucker\tuckera01,SG,22,UTA,20,0,8.1,1.0,2.2,.465,0.2,0.9,.176,0.9,1.3,.654,.500,1.0,1.2,.826,0.2,0.9,1.0,0.3,0.1,0.1,0.4,0.5,3.1
482,Evan Turner\turneev01,SG,31,ATL,19,0,13.2,1.3,3.5,.373,0.0,0.3,.000,1.3,3.3,.403,.373,0.6,0.7,.857,0.4,1.6,2.0,2.0,0.5,0.4,1.4,1.1,3.3
483,Myles Turner\turnemy01,C,23,IND,62,62,29.5,4.3,9.5,.457,1.4,4.0,.344,2.9,5.4,.540,.530,2.0,2.7,.751,1.4,5.2,6.6,1.2,0.7,2.1,1.4,2.7,12.1
484,Jarrod Uthoff\uthofja01,PF,26,TOT,7,0,7.6,1.0,2.6,.389,0.4,1.3,.333,0.6,1.3,.444,.472,0.3,0.3,1.000,0.3,0.6,0.9,0.0,0.1,0.0,0.0,0.3,2.7
484,Jarrod Uthoff\uthofja01,PF,26,MEM,4,0,3.5,0.3,1.8,.143,0.0,1.0,.000,0.3,0.8,.333,.143,0.5,0.5,1.000,0.3,0.0,0.3,0.0,0.3,0.0,0.0,0.3,1.0
484,Jarrod Uthoff\uthofja01,PF,26,WAS,3,0,13.0,2.0,3.7,.545,1.0,1.7,.600,1.0,2.0,.500,.682,0.0,0.0,,0.3,1.3,1.7,0.0,0.0,0.0,0.0,0.3,5.0
485,Jonas Valančiūnas\valanjo01,C,27,MEM,70,70,26.4,6.2,10.6,.585,0.5,1.3,.352,5.7,9.3,.617,.606,2.1,2.9,.740,3.0,8.2,11.3,1.9,0.4,1.1,1.8,2.6,14.9
486,Denzel Valentine\valende01,SF,26,CHI,36,5,13.6,2.7,6.6,.409,1.3,3.8,.336,1.4,2.8,.510,.506,0.2,0.2,.750,0.3,1.8,2.1,1.2,0.7,0.2,0.7,1.4,6.8
487,Jarred Vanderbilt\vandeja01,PF,20,TOT,11,0,4.2,0.5,0.7,.625,0.0,0.1,.000,0.5,0.6,.714,.625,0.2,0.2,1.000,0.3,0.5,0.8,0.2,0.3,0.1,0.6,0.5,1.1
487,Jarred Vanderbilt\vandeja01,PF,20,DEN,9,0,4.6,0.6,0.8,.714,0.0,0.0,,0.6,0.8,.714,.714,0.0,0.0,,0.3,0.6,0.9,0.2,0.3,0.1,0.8,0.7,1.1
487,Jarred Vanderbilt\vandeja01,PF,20,MIN,2,0,2.5,0.0,0.5,.000,0.0,0.5,.000,0.0,0.0,,.000,1.0,1.0,1.000,0.0,0.5,0.5,0.0,0.0,0.0,0.0,0.0,1.0
488,Fred VanVleet\vanvlfr01,SG,25,TOR,54,54,35.7,5.9,14.3,.413,2.7,6.9,.390,3.2,7.4,.434,.507,3.1,3.7,.848,0.3,3.4,3.8,6.6,1.9,0.3,2.2,2.4,17.6
489,Gabe Vincent\vincega01,PG,23,MIA,9,0,9.2,0.9,4.1,.216,0.7,3.0,.222,0.2,1.1,.200,.297,0.0,0.0,,0.0,0.6,0.6,0.7,0.6,0.0,0.1,0.7,2.4
490,Noah Vonleh\vonleno01,C,24,TOT,36,1,10.5,1.4,2.6,.565,0.1,0.4,.200,1.4,2.1,.636,.582,0.7,0.9,.781,1.0,2.4,3.4,0.8,0.3,0.2,0.6,1.1,3.7
490,Noah Vonleh\vonleno01,C,24,MIN,29,1,12.0,1.6,3.0,.547,0.1,0.5,.143,1.6,2.5,.625,.558,0.8,1.0,.821,1.2,2.8,4.0,0.9,0.4,0.2,0.7,1.2,4.1
490,Noah Vonleh\vonleno01,C,24,DEN,7,0,4.3,0.7,0.9,.833,0.1,0.1,1.000,0.6,0.7,.800,.917,0.3,0.6,.500,0.4,0.7,1.1,0.3,0.0,0.0,0.3,0.6,1.9
491,Nikola Vučević\vucevni01,C,29,ORL,62,62,32.2,8.0,16.7,.477,1.6,4.7,.339,6.4,12.0,.531,.525,2.1,2.7,.784,2.3,8.6,10.9,3.6,0.9,0.8,1.4,2.2,19.6
492,Dean Wade\wadede01,PF,23,CLE,12,0,5.9,0.8,1.1,.692,0.2,0.3,.500,0.6,0.8,.778,.769,0.0,0.1,.000,0.3,1.3,1.6,0.2,0.2,0.3,0.3,0.7,1.7
493,Moritz Wagner\wagnemo01,C,22,WAS,45,5,18.6,3.2,5.9,.545,0.6,1.8,.313,2.7,4.1,.645,.592,1.7,2.1,.821,1.2,3.6,4.9,1.2,0.6,0.4,1.5,3.4,8.7
494,Dion Waiters\waitedi01,SG,28,TOT,10,0,20.7,4.1,9.9,.414,1.5,4.7,.319,2.6,5.2,.500,.490,1.4,1.7,.824,0.2,2.2,2.4,2.0,0.4,0.6,1.6,2.1,11.1
494,Dion Waiters\waitedi01,SG,28,MIA,3,0,14.0,3.3,8.7,.385,2.7,5.7,.471,0.7,3.0,.222,.538,0.0,0.3,.000,0.0,3.7,3.7,1.0,0.0,0.7,1.0,1.7,9.3
494,Dion Waiters\waitedi01,SG,28,LAL,7,0,23.6,4.4,10.4,.425,1.0,4.3,.233,3.4,6.1,.558,.473,2.0,2.3,.875,0.3,1.6,1.9,2.4,0.6,0.6,1.9,2.3,11.9
495,Kemba Walker\walkeke02,PG,29,BOS,56,56,31.1,6.8,15.9,.425,3.2,8.4,.381,3.5,7.4,.476,.526,3.7,4.3,.864,0.6,3.2,3.9,4.8,0.9,0.5,2.1,1.6,20.4
496,Lonnie Walker IV\walkelo01,SG,21,SAS,61,12,16.2,2.5,5.9,.426,0.7,1.7,.406,1.8,4.2,.434,.483,0.7,1.0,.721,0.4,1.9,2.3,1.1,0.5,0.2,0.7,1.3,6.4
497,Tyrone Wallace\wallaty01,SG,25,ATL,14,0,11.4,1.0,3.1,.318,0.1,1.1,.067,0.9,2.1,.448,.330,0.8,1.2,.647,0.2,1.4,1.6,0.9,0.5,0.1,0.7,1.4,2.9
498,Derrick Walton\waltode01,PG,24,TOT,26,1,9.5,0.7,1.5,.462,0.4,0.9,.417,0.3,0.6,.533,.590,0.3,0.3,.778,0.1,0.5,0.6,1.0,0.3,0.0,0.2,0.8,2.0
498,Derrick Walton\waltode01,PG,24,LAC,23,1,9.7,0.7,1.6,.472,0.4,0.9,.429,0.3,0.7,.533,.597,0.3,0.4,.778,0.1,0.6,0.7,1.0,0.2,0.0,0.2,0.8,2.2
498,Derrick Walton\waltode01,PG,24,DET,3,0,8.7,0.3,1.0,.333,0.3,1.0,.333,0.0,0.0,,.500,0.0,0.0,,0.0,0.3,0.3,1.7,1.0,0.0,0.3,0.7,1.0
499,Brad Wanamaker\wanambr01,PG,30,BOS,71,1,19.3,2.3,5.1,.448,0.5,1.4,.363,1.8,3.7,.481,.499,1.8,1.9,.926,0.3,1.7,2.0,2.5,0.9,0.2,1.1,1.9,6.9
500,T.J. Warren\warretj01,SF,26,IND,67,67,32.9,8.0,14.9,.536,1.4,3.4,.403,6.6,11.5,.575,.581,2.5,3.0,.819,1.0,3.2,4.2,1.5,1.2,0.5,1.3,2.8,19.8
501,P.J. Washington\washipj01,PF,21,CHO,58,57,30.3,4.6,10.2,.455,1.5,4.0,.374,3.1,6.2,.507,.528,1.5,2.3,.647,1.0,4.4,5.4,2.1,0.9,0.8,1.6,2.7,12.2
502,Yuta Watanabe\watanyu01,SF,25,MEM,18,0,5.8,0.8,1.9,.441,0.2,0.4,.375,0.7,1.4,.462,.485,0.2,0.4,.375,0.4,0.7,1.1,0.3,0.3,0.1,0.1,0.5,2.0
503,Tremont Waters\watertr01,PG,22,BOS,11,1,10.8,1.3,4.5,.286,0.4,2.2,.167,0.9,2.3,.400,.327,0.7,0.7,1.000,0.0,1.1,1.1,1.5,0.9,0.2,1.4,1.2,3.6
504,Paul Watson\watsopa01,SF,25,TOT,10,0,8.7,1.0,2.6,.385,0.4,1.2,.333,0.6,1.4,.429,.462,0.7,0.9,.778,0.2,1.5,1.7,0.8,0.4,0.1,0.3,0.5,3.1
504,Paul Watson\watsopa01,SF,25,ATL,2,0,8.5,0.0,3.5,.000,0.0,1.5,.000,0.0,2.0,.000,.000,0.0,0.0,,0.0,1.0,1.0,1.5,0.5,0.0,0.0,0.5,0.0
504,Paul Watson\watsopa01,SF,25,TOR,8,0,8.8,1.3,2.4,.526,0.5,1.1,.444,0.8,1.3,.600,.632,0.9,1.1,.778,0.3,1.6,1.9,0.6,0.4,0.1,0.4,0.5,3.9
505,Quinndary Weatherspoon\weathqu01,SG,23,SAS,11,0,7.1,0.5,1.5,.294,0.1,0.5,.200,0.4,1.1,.333,.324,0.1,0.2,.500,0.1,0.5,0.6,1.0,0.3,0.1,0.5,0.7,1.1
506,Russell Westbrook\westbru01,PG,31,HOU,57,57,35.9,10.6,22.5,.472,1.0,3.7,.258,9.6,18.7,.514,.493,5.1,6.7,.763,1.8,6.2,7.9,7.0,1.6,0.4,4.5,3.5,27.2
507,Coby White\whiteco01,PG,19,CHI,65,1,25.8,4.8,12.2,.394,2.0,5.8,.354,2.8,6.4,.430,.478,1.6,2.0,.791,0.4,3.1,3.5,2.7,0.8,0.1,1.7,1.8,13.2
508,Derrick White\whitede01,SG,25,SAS,68,20,24.7,3.7,8.1,.458,1.2,3.2,.366,2.6,4.9,.518,.530,2.6,3.1,.853,0.5,2.8,3.3,3.5,0.6,0.9,1.3,2.2,11.3
509,Hassan Whiteside\whiteha01,C,30,POR,67,61,30.0,6.5,10.5,.621,0.1,0.1,.571,6.4,10.4,.622,.624,2.4,3.6,.686,3.9,9.7,13.5,1.2,0.4,2.9,1.8,2.9,15.5
510,Andrew Wiggins\wiggian01,SF,24,TOT,54,54,34.4,8.1,18.1,.447,2.1,6.2,.332,6.0,11.9,.506,.504,3.5,5.0,.709,1.2,3.9,5.1,3.7,0.8,1.0,2.4,2.4,21.8
510,Andrew Wiggins\wiggian01,SF,24,MIN,42,42,34.6,8.4,18.8,.444,2.2,6.5,.331,6.2,12.3,.505,.502,3.5,4.9,.720,1.1,4.1,5.2,3.7,0.7,0.9,2.5,2.4,22.4
510,Andrew Wiggins\wiggian01,SF,24,GSW,12,12,33.6,7.2,15.7,.457,1.7,4.9,.339,5.5,10.8,.512,.511,3.4,5.1,.672,1.5,3.1,4.6,3.6,1.3,1.4,2.1,2.2,19.4
511,Grant Williams\willigr01,PF,21,BOS,69,5,15.1,1.3,3.1,.412,0.3,1.4,.250,0.9,1.7,.548,.469,0.6,0.8,.722,0.9,1.7,2.6,1.0,0.4,0.5,0.7,2.4,3.4
512,Johnathan Williams\willijo04,PF,24,WAS,15,6,12.0,1.3,2.3,.559,0.0,0.1,.000,1.3,2.1,.594,.559,0.5,0.9,.538,1.6,2.7,4.3,0.5,0.1,0.5,0.3,1.1,3.0
513,Kenrich Williams\willike04,PF,25,NOP,39,18,21.3,1.3,3.8,.347,0.6,2.5,.258,0.7,1.3,.520,.432,0.2,0.7,.346,1.3,3.5,4.8,1.5,0.7,0.5,0.6,2.3,3.5
514,Lou Williams\willilo02,PG,33,LAC,65,8,28.7,6.0,14.4,.418,1.7,4.8,.352,4.3,9.6,.451,.477,4.5,5.2,.861,0.5,2.6,3.1,5.6,0.7,0.2,2.8,1.2,18.2
515,Marvin Williams\willima02,PF,33,TOT,58,1,19.5,2.1,4.6,.446,1.0,2.7,.359,1.1,1.9,.568,.551,0.8,1.0,.860,0.5,2.6,3.2,1.0,0.6,0.5,0.6,1.8,5.9
515,Marvin Williams\willima02,PF,33,CHO,41,1,19.7,2.3,5.1,.448,1.1,2.9,.376,1.2,2.3,.538,.552,1.0,1.2,.860,0.4,2.3,2.7,1.0,0.6,0.5,0.6,1.7,6.7
515,Marvin Williams\willima02,PF,33,MIL,17,0,18.9,1.5,3.4,.439,0.7,2.3,.308,0.8,1.1,.722,.544,0.4,0.4,.857,0.9,3.5,4.4,1.1,0.6,0.5,0.5,1.9,4.0
516,Robert Williams\williro04,C,22,BOS,29,1,13.4,2.2,3.0,.727,0.0,0.0,,2.2,3.0,.727,.727,0.8,1.2,.647,1.4,3.0,4.4,0.9,0.8,1.2,0.7,1.8,5.2
517,Nigel Williams-Goss\willini01,PG,25,UTA,10,0,5.0,0.5,1.6,.313,0.2,0.7,.286,0.3,0.9,.333,.375,0.2,0.2,1.000,0.2,0.4,0.6,0.6,0.3,0.1,0.3,0.6,1.4
518,Zion Williamson\willizi01,PF,19,NOP,24,24,27.8,8.8,15.0,.583,0.3,0.6,.429,8.5,14.4,.590,.592,4.8,7.4,.640,2.7,3.6,6.3,2.1,0.7,0.4,2.5,1.8,22.5
519,D.J. Wilson\wilsodj01,PF,23,MIL,37,1,9.8,1.4,3.6,.394,0.5,2.0,.247,0.9,1.6,.576,.462,0.3,0.5,.611,0.3,2.2,2.5,0.7,0.1,0.1,0.5,0.9,3.6
520,Justise Winslow\winslju01,SG,23,MIA,11,5,32.0,4.5,11.7,.388,0.5,2.5,.222,4.0,9.3,.431,.411,1.6,2.5,.667,1.5,5.2,6.6,4.0,0.6,0.5,2.2,3.5,11.3
521,Christian Wood\woodch01,PF,24,DET,62,12,21.4,4.6,8.2,.567,0.9,2.3,.386,3.8,5.9,.636,.620,2.9,3.9,.744,1.7,4.6,6.3,1.0,0.5,0.9,1.4,1.6,13.1
522,Delon Wright\wrighde01,PG,27,DAL,73,5,21.5,2.6,5.6,.462,0.6,1.7,.370,2.0,3.9,.504,.519,1.1,1.4,.770,1.0,2.9,3.8,3.3,1.2,0.3,1.0,1.3,6.9
523,Justin Wright-Foreman\wrighju02,PG,22,UTA,4,0,11.3,1.8,5.0,.350,0.5,2.5,.200,1.3,2.5,.500,.400,0.8,1.0,.750,0.0,1.3,1.3,1.8,0.5,0.0,0.8,1.3,4.8
524,Thaddeus Young\youngth01,PF,31,CHI,64,16,24.9,4.2,9.4,.448,1.2,3.5,.356,3.0,5.9,.501,.513,0.7,1.1,.583,1.5,3.5,4.9,1.8,1.4,0.4,1.6,2.1,10.3
525,Trae Young\youngtr01,PG,21,ATL,60,60,35.3,9.1,20.8,.437,3.4,9.5,.361,5.7,11.4,.501,.519,8.0,9.3,.860,0.5,3.7,4.3,9.3,1.1,0.1,4.8,1.7,29.6
526,Cody Zeller\zelleco01,C,27,CHO,58,39,23.1,4.3,8.3,.524,0.3,1.3,.240,4.0,7.0,.577,.543,2.1,3.1,.682,2.8,4.3,7.1,1.5,0.7,0.4,1.3,2.4,11.1
527,Tyler Zeller\zellety01,C,30,SAS,2,0,2.0,0.5,2.0,.250,0.0,0.0,,0.5,2.0,.250,.250,0.0,0.0,,1.5,0.5,2.0,0.0,0.0,0.0,0.0,0.0,1.0
528,Ante Žižić\zizican01,C,23,CLE,22,0,10.0,1.9,3.3,.569,0.0,0.0,,1.9,3.3,.569,.569,0.6,0.9,.737,0.8,2.2,3.0,0.3,0.3,0.2,0.5,1.2,4.4
529,Ivica Zubac\zubaciv01,C,22,LAC,72,70,18.4,3.3,5.3,.613,0.0,0.0,.000,3.3,5.3,.616,.613,1.7,2.3,.747,2.7,4.8,7.5,1.1,0.2,0.9,0.8,2.3,8.3